ID,Target
845,2 464 827
1924,1 034 958
10718,1 432 652
12076,6 723 210
12254,1 981 199
9950,2 917 685
1548,2 688 004
526,1 495 094
6776,1 259 815
1851,1 478 917
9188,2 056 913
3382,3 070 522
242,2 345 948
6439,2 051 974
1561,2 534 718
5339,2 502 780
7387,2 538 837
11576,1 968 175
5984,4 505 671
4486,1 921 300
2205,938 617
3468,1 334 348
4226,2 415 001
2088,2 431 811
2118,2 893 291
8036,1 553 349
23,1 329 041
1898,2 293 821
6976,3 002 988
1465,3 155 563
2040,1 546 528
482,1 323 609
5122,1 978 170
3447,1 459 254
12877,2 570 585
3780,1 415 487
1285,1 786 417
9200,2 054 254
921,3 671 374
3060,3 029 443
1082,1 049 961
71,3 413 193
4464,2 101 852
4576,3 563 444
897,2 750 942
1756,1 014 299
8745,2 722 761
806,1 610 016
803,1 529 175
7613,1 690 498
243,1 382 203
8135,1 392 919
1527,2 352 160
2825,1 425 430
666,1 103 041
12028,1 674 988
2308,2 262 738
11223,1 833 639
1479,695 249
2057,2 439 467
2368,1 204 859
7638,2 823 337
432,2 501 695
9800,1 569 946
2140,3 199 521
837,2 182 279
3227,2 279 618
12412,2 944 119
10267,1 519 585
3850,3 807 394
382,4 288 601
1280,2 396 616
2226,4 409 335
4166,3 169 035
5208,3 143 697
4513,1 935 796
10814,3 212 292
3120,2 872 922
7915,2 022 926
3513,2 441 570
9041,1 388 415
561,1 391 816
11041,2 838 730
2920,2 930 199
2042,996 700
10220,2 097 760
11511,1 904 122
8424,2 943 382
5801,3 326 845
10746,1 335 479
11018,1 312 092
816,614 548
10413,1 952 357
4471,2 999 209
1928,2 109 251
323,2 013 332
11548,2 920 911
12564,3 238 507
5817,3 375 304
1030,1 362 475
3888,1 920 110
2427,2 120 052
5378,1 988 953
3701,1 853 494
4536,1 638 447
3799,3 224 145
9431,2 305 395
10878,1 389 702
2028,924 126
5598,2 305 095
5828,5 361 995
2842,2 310 005
279,2 156 214
4812,2 368 950
11406,2 269 120
1086,1 542 612
2696,1 438 256
9220,1 373 383
1496,1 487 109
3737,1 506 638
12211,3 688 404
1556,2 178 385
1066,1 471 270
1836,1 337 611
10913,1 134 186
1868,1 561 676
12610,3 377 236
12146,1 703 466
2087,1 746 475
2916,3 073 172
10188,2 864 909
3253,1 670 737
9082,2 565 975
12493,1 462 931
5898,3 342 514
8409,2 261 582
5885,2 105 792
1101,931 422
10071,2 237 943
11403,4 187 814
728,1 331 063
11647,3 894 014
1931,3 202 087
232,3 549 766
3988,1 704 250
9416,1 969 498
1866,2 105 926
5685,2 598 039
2779,2 094 866
3294,2 920 641
1471,2 415 176
2960,1 279 648
10447,2 016 937
1220,3 067 687
69,1 727 564
2002,4 270 118
2784,2 233 006
1911,2 297 621
3023,1 745 543
3394,1 941 662
5920,1 745 689
688,3 307 925
1511,1 993 530
3572,3 444 417
12401,1 325 755
10756,2 553 038
4007,1 848 863
3230,1 114 999
12240,3 054 662
10539,1 816 293
3226,3 464 653
2280,1 159 369
3650,2 544 413
8540,1 628 483
5847,1 627 842
6694,3 923 438
1336,1 434 015
2538,2 460 221
7185,3 352 318
8314,2 865 643
1204,855 374
2020,1 213 355
2468,1 859 393
9909,2 049 053
7935,1 199 371
1361,1 886 340
6138,1 667 013
1914,3 972 650
11090,1 990 084
9320,1 861 831
172,1 943 372
823,3 390 698
1189,1 279 591
3768,757 854
2993,2 150 192
12873,1 804 994
1146,1 036 703
19,1 747 205
2113,3 162 455
5132,2 441 547
11109,2 405 758
1562,1 132 095
337,1 832 749
1981,4 372 046
546,1 645 085
7428,2 127 224
230,1 132 638
412,2 772 726
2205,877 662
9114,2 506 681
1803,2 328 518
1571,3 703 339
12362,3 851 148
8109,1 958 127
3868,3 146 948
3013,2 382 931
1011,988 753
12983,3 661 071
116,2 174 307
3245,1 630 239
2253,4 343 366
10879,3 034 210
2246,1 659 535
11494,3 031 226
2259,3 674 694
2199,1 769 555
1692,1 599 749
5772,2 045 701
10182,2 026 638
5051,2 719 392
5033,5 152 033
11113,2 218 937
51,2 117 050
5129,1 390 279
1550,2 048 655
616,2 974 891
10151,2 823 065
6994,3 478 779
5738,2 605 438
5729,4 807 619
1122,764 551
3406,1 419 353
2196,1 128 556
3768,3 060 303
4432,2 422 241
2236,1 150 295
1743,2 560 184
2046,2 882 708
781,1 046 399
1126,1 060 967
10472,3 047 846
3524,1 827 451
6922,1 948 899
6018,2 266 602
2973,2 221 112
8323,3 410 734
576,1 444 752
3118,1 473 147
5737,2 703 297
4642,3 931 638
8425,1 621 527
2245,4 675 438
12248,1 153 803
2533,1 061 470
3134,1 423 176
5871,2 298 862
9331,2 743 570
959,2 187 848
2753,2 935 797
2887,2 152 370
11710,2 435 493
5279,3 456 180
3249,1 507 936
9711,2 821 742
5061,2 089 926
2493,2 314 334
627,3 243 814
2618,1 323 102
4698,1 475 099
1575,2 296 042
425,1 132 333
944,1 590 894
3508,1 809 242
3674,2 073 518
3351,509 575
1348,606 383
1421,987 969
9134,1 243 783
6348,2 519 683
1277,2 635 215
1152,1 286 307
7783,2 656 165
29,3 341 655
11244,1 003 708
5924,4 982 118
3001,3 827 313
4587,1 881 656
8303,3 215 865
2439,1 703 235
3060,3 610 680
8575,5 077 089
11031,1 439 433
2056,2 687 279
8657,1 310 663
7669,2 754 416
371,2 901 353
3985,1 850 869
279,1 837 204
2964,1 943 992
5411,1 155 651
4555,2 636 622
3310,3 176 763
2340,1 204 599
2139,1 224 785
578,1 886 051
2263,1 139 335
11168,3 381 089
8198,1 864 367
6174,2 325 220
7566,1 373 857
5106,3 093 384
1977,2 097 635
5663,2 609 009
1398,2 249 989
2207,1 306 032
1987,1 052 028
70,2 444 131
12282,3 957 971
5913,5 111 452
6506,1 652 213
3957,2 332 437
881,1 091 487
1599,953 207
1989,4 384 438
1719,1 543 229
3669,1 264 462
7029,2 769 623
3537,3 137 075
8590,2 535 900
2974,2 601 454
431,3 902 082
12647,2 710 205
2062,3 109 986
8040,2 066 403
7744,2 855 558
6155,2 641 080
98,2 143 302
3514,1 626 687
776,1 709 903
3678,725 140
2529,1 243 471
1806,2 087 493
6359,1 398 860
200,1 015 671
1477,2 409 462
1679,3 033 064
2323,2 503 678
917,1 388 148
430,873 932
3723,1 371 764
6665,1 457 455
2719,1 223 249
10429,1 260 607
428,2 133 852
3995,1 686 391
393,1 002 119
2336,2 464 414
2107,1 182 441
1242,865 900
7616,2 814 422
11586,2 868 560
762,1 259 815
1677,1 736 719
9356,1 434 538
4810,2 898 895
1643,2 473 054
1977,2 553 175
1102,1 334 348
2231,3 605 293
6369,1 815 660
8299,4 292 465
9088,2 509 416
12140,1 390 327
89,6 379 057
12948,3 175 624
2387,3 815 925
9454,3 232 917
10957,2 842 678
6075,1 934 220
2665,1 538 091
6511,3 060 442
3180,1 548 816
4079,3 105 166
7372,3 880 089
10509,1 459 069
3302,2 959 988
10714,1 885 433
1794,1 662 453
6467,1 845 210
10015,2 004 164
12005,2 257 717
11832,1 505 289
7524,2 255 931
680,2 869 602
376,4 257 729
8563,2 294 190
2826,998 966
11426,3 219 878
6426,2 449 030
649,4 309 021
2190,2 262 384
11071,2 577 092
738,841 038
3915,3 303 009
2056,1 844 067
11297,1 951 700
2113,2 088 542
1235,1 069 716
12351,2 252 497
995,930 679
857,2 014 051
1559,1 798 645
7580,2 402 473
716,788 406
3161,2 485 304
6287,3 296 855
3061,1 639 335
2715,2 154 367
8652,2 979 604
8978,1 791 325
11641,4 792 838
4811,2 483 238
132,3 364 912
3930,2 324 246
12963,3 733 870
3625,1 130 063
2256,1 566 608
11883,1 803 712
1393,4 217 360
778,2 864 941
333,1 048 412
2259,1 358 869
4898,3 543 574
975,1 065 041
2130,2 912 528
12336,2 464 414
12354,3 479 683
1707,1 227 086
432,2 494 593
1815,1 866 986
12357,2 381 141
11140,3 497 078
9197,1 805 931
10500,3 833 126
12701,2 719 831
12111,3 427 135
11150,1 823 230
1933,2 910 831
4617,4 823 149
12312,2 962 183
7129,2 503 237
5744,3 184 551
3903,3 835 960
3017,3 056 079
8723,3 895 451
3629,2 194 575
2638,1 026 409
1632,1 648 331
3922,1 590 281
2216,1 023 297
5267,4 600 538
11091,1 540 092
4964,2 909 162
678,1 470 703
4678,1 525 462
9836,1 782 047
8905,3 652 424
3150,1 150 652
1805,2 691 104
11262,2 223 100
8024,3 055 794
12988,1 954 412
1611,1 648 788
3466,1 388 799
2127,1 560 931
497,3 429 115
1647,1 053 777
2848,1 045 892
293,1 981 815
7256,2 633 247
9063,2 016 187
6441,2 705 177
47,2 858 168
5323,1 407 541
6487,1 998 143
1948,2 198 344
1659,2 770 003
1213,1 498 487
11663,3 500 008
3954,3 083 963
724,2 413 358
1930,1 727 095
7833,1 175 740
814,1 884 134
12190,2 154 278
4080,1 952 422
11344,2 671 082
272,1 482 071
10180,1 043 791
6099,3 335 446
5797,1 979 574
7476,2 679 230
833,3 153 230
5545,2 457 611
630,2 356 208
1502,1 602 124
12148,2 192 460
1605,1 843 016
2365,1 446 375
12494,2 024 691
6244,2 679 630
3130,1 472 363
1870,1 885 623
10144,1 656 409
3752,1 079 630
5798,3 956 266
1765,1 563 657
11929,4 461 086
3241,3 182 276
8324,3 130 051
2688,1 063 602
2912,2 643 591
6742,4 521 923
2694,2 368 795
5237,1 294 457
9138,3 292 474
1773,1 536 288
3607,1 931 455
3968,1 889 530
1140,2 404 880
9624,1 130 250
8311,2 478 942
202,4 752 865
2982,1 064 030
180,2 255 589
3157,1 535 549
2959,2 707 079
1436,1 666 118
10813,3 676 945
7478,2 256 602
10467,2 849 150
5901,3 300 575
5981,1 939 967
8065,3 523 062
190,1 215 863
6240,2 284 054
1935,3 543 694
2952,1 181 278
8170,2 441 546
710,1 658 607
667,1 224 580
543,4 818 249
3688,1 113 136
3302,2 241 436
664,1 359 708
7706,2 505 645
2076,3 190 103
2500,4 123 790
2020,1 829 219
1913,1 572 673
3160,3 970 576
11817,1 707 109
5955,2 232 979
4195,1 578 153
939,2 701 988
7386,1 925 369
12448,1 841 326
163,1 633 390
831,2 071 726
1634,2 049 053
495,1 555 672
3411,2 168 995
8095,1 666 834
2251,1 616 188
1891,1 499 982
7473,2 352 891
8557,1 830 087
5766,2 150 204
9849,2 182 494
12269,2 158 883
5402,3 187 545
3601,2 318 602
9895,1 344 739
3909,1 253 764
10595,2 215 183
460,3 758 414
2883,815 279
2405,1 191 287
2969,1 971 510
268,1 753 661
558,3 432 504
10556,1 794 002
5476,2 500 495
8017,1 924 924
4865,2 349 896
11378,1 982 306
1364,2 878 507
3185,2 004 084
12622,1 514 167
1135,1 780 000
505,3 684 953
6459,1 841 991
10303,2 935 697
11899,1 431 048
3116,1 023 124
10073,3 124 390
3393,1 395 643
860,2 261 061
2410,1 957 392
5662,2 707 362
2210,1 600 103
500,2 549 731
1487,1 738 855
1971,1 584 531
9792,4 188 995
1768,1 746 815
1871,1 113 236
12803,2 297 159
3923,1 799 696
431,1 073 407
3151,1 537 100
4653,2 839 912
9918,4 784 270
134,3 720 268
6377,3 063 947
3233,3 932 448
1580,1 123 983
3384,2 399 395
7289,4 706 707
9381,1 467 838
12592,2 851 804
587,2 098 521
7607,3 137 918
6963,3 024 492
8521,3 246 449
10499,3 121 274
12036,2 385 851
7020,2 498 214
8743,3 164 892
12157,2 227 732
11239,1 974 279
3663,3 010 368
9637,3 060 862
8276,1 588 228
3010,5 241 998
2409,1 806 909
6257,1 654 735
2017,1 559 150
12678,3 793 577
6112,3 903 047
2189,1 262 347
1080,1 974 143
2690,1 588 855
6163,2 527 061
5107,1 876 716
322,1 063 990
6522,3 371 159
2068,3 007 964
3792,961 729
2882,2 142 004
5589,1 600 436
5400,1 679 211
2114,2 321 510
111,2 517 214
4343,4 327 006
1712,3 108 820
548,522 887
3872,1 065 348
7453,1 526 559
3551,3 063 814
2332,1 911 323
1934,3 010 663
9736,2 063 236
1182,3 407 681
508,1 605 661
11486,3 069 598
8871,3 250 831
2011,1 957 519
4175,995 583
1323,1 827 503
10789,3 103 196
6130,2 623 757
435,3 075 615
10805,1 696 406
3055,1 934 434
6164,2 155 139
5656,2 504 314
7336,2 576 230
4469,2 253 346
2136,1 612 589
5535,3 712 189
1231,3 593 005
11272,3 079 886
1021,1 159 287
2761,1 644 600
4704,1 951 154
2705,1 792 375
435,2 700 884
7989,4 117 865
2544,1 594 384
3767,1 606 459
7294,2 079 355
11474,1 583 944
2330,1 903 511
6619,1 735 236
6490,3 007 564
63,3 035 764
967,3 564 860
9740,2 402 766
1763,2 272 784
9782,3 069 707
2731,1 808 451
343,1 760 059
561,1 289 237
6501,2 069 179
10554,1 024 551
2074,1 188 940
12584,3 360 038
1873,2 366 024
1213,1 065 135
5906,2 879 494
3139,1 033 436
4940,2 779 342
2446,1 984 661
835,1 194 604
10184,1 532 497
11460,2 361 542
2817,4 393 115
10662,2 735 331
9273,2 007 056
219,1 875 772
12943,2 429 825
1058,2 137 104
788,1 458 037
1160,1 462 566
2653,3 821 404
10599,5 317 278
5800,3 907 346
131,3 146 561
3095,3 562 255
1823,2 498 024
5447,4 105 937
12900,849 044
1316,2 148 640
319,2 372 956
10480,2 258 463
574,1 113 983
2822,2 580 171
9437,2 034 108
4272,4 086 395
1782,2 840 565
11922,1 800 639
11326,1 320 129
1804,2 348 860
2003,3 722 269
7570,4 165 369
9632,3 271 828
74,2 942 987
7627,1 849 173
11876,1 853 195
1285,1 958 928
2212,2 056 547
2104,2 505 859
2659,2 626 862
1178,2 071 880
3876,1 184 710
677,1 313 985
6856,1 851 466
4256,3 175 838
12061,1 523 049
1948,1 920 206
12461,4 824 175
2673,2 547 817
11313,1 832 535
2597,2 780 806
457,956 377
1430,1 205 391
8795,4 477 446
10465,991 318
9807,3 164 830
1936,1 670 335
10108,1 106 094
2310,2 315 235
10840,2 649 034
6251,1 439 818
1811,4 855 657
12972,3 995 464
12258,3 829 212
1830,1 033 676
8947,1 932 005
4771,1 087 109
838,1 387 462
2193,1 034 049
11547,2 061 895
1058,2 765 527
4039,3 317 132
1462,2 051 427
8680,1 736 191
6921,3 210 974
1385,1 039 196
410,1 111 267
8002,2 105 907
10165,1 908 206
351,1 810 960
1135,759 921
3838,3 464 550
1287,4 249 119
3704,1 494 589
11620,2 375 575
5601,2 266 214
429,3 311 174
390,1 131 623
100,1 286 465
10524,2 278 040
12626,1 507 244
3230,2 412 878
9761,2 318 022
7283,2 127 576
1024,2 231 641
204,1 872 925
11060,1 822 856
10291,1 288 827
3743,2 671 475
2592,1 767 518
9023,2 941 999
11890,2 523 804
6321,1 883 686
1635,2 474 557
1501,1 460 006
11908,3 155 135
1103,2 820 743
1706,1 918 258
12992,2 325 614
1679,1 234 214
2914,3 871 096
5886,4 666 930
3309,3 268 629
9983,2 493 769
10866,2 959 286
12463,2 406 097
9921,1 765 754
9528,2 387 265
8552,1 317 199
11997,5 461 145
8663,1 746 261
4638,1 969 094
247,1 011 673
2111,1 315 728
2790,2 617 061
1935,1 722 711
7861,1 355 231
8018,2 896 640
9560,2 139 563
12985,1 787 886
2944,1 593 964
379,2 345 286
10391,2 514 171
2871,913 583
1077,3 834 117
3339,2 576 016
476,2 293 008
1235,763 412
2543,944 560
50,2 719 782
10897,3 260 028
4624,2 855 942
1752,2 140 142
1490,2 496 541
3539,818 311
11184,1 303 146
3867,3 084 889
609,971 524
8666,1 418 223
5641,2 426 399
1376,2 208 778
11866,2 879 731
3832,1 578 770
3371,2 252 811
327,1 644 148
93,1 808 075
2066,2 770 726
1258,1 998 439
6068,1 334 687
1106,2 282 412
1010,3 910 847
175,3 646 095
9972,1 315 728
9963,2 573 748
12114,2 733 824
2204,2 066 453
792,2 854 876
288,1 704 809
1423,3 758 423
5514,1 921 642
11875,4 139 241
3955,3 151 670
6193,2 802 598
7041,1 504 223
3317,1 122 912
784,3 201 446
8629,2 011 732
8620,4 249 958
8103,3 399 905
2801,1 732 808
8798,1 469 135
2569,1 648 761
3005,1 978 591
398,1 359 503
5046,4 190 377
4847,1 505 708
4917,2 350 294
615,2 352 649
3047,1 197 969
10407,2 529 542
6145,1 377 036
1161,1 650 809
162,2 301 512
9438,3 270 328
12852,2 708 551
6389,1 755 570
8115,2 003 739
7578,1 671 091
1044,1 001 175
1111,2 424 390
1394,1 301 073
1311,3 861 016
5018,1 707 863
4789,4 103 989
577,3 300 473
5043,2 188 785
1072,3 003 567
6541,2 935 891
7698,2 832 355
642,1 044 646
6667,2 760 567
6388,1 379 529
3809,1 862 699
8445,2 968 774
1045,2 294 038
9038,1 800 780
1431,1 141 863
2448,1 986 641
3348,3 144 143
3412,1 525 582
4478,1 489 231
10821,1 864 802
6759,3 064 350
5318,2 498 622
3322,1 659 780
1047,2 765 806
2272,2 439 139
8808,1 005 439
6987,2 703 716
3031,1 679 082
1372,2 306 664
11810,2 229 934
870,2 092 907
5742,4 360 183
1386,2 479 220
2266,666 604
4279,2 914 147
1454,1 307 684
903,2 433 050
6594,2 974 046
750,1 353 903
142,2 562 731
12371,3 981 145
1617,1 784 069
4640,2 132 195
4569,1 436 788
316,1 576 831
10926,3 335 750
2374,1 019 018
12550,1 420 782
709,3 175 833
158,2 317 679
1429,1 764 693
3854,2 452 752
2863,1 063 990
10621,1 542 335
4289,2 391 887
6055,2 137 733
9832,3 016 771
2693,2 645 326
7011,1 648 302
2688,1 808 645
10259,3 792 097
10235,1 151 767
9786,2 913 284
3014,2 795 226
9434,1 992 813
9764,2 608 816
2423,2 432 873
651,1 616 438
3610,1 455 991
1899,2 532 455
1063,1 662 068
4294,2 000 494
1422,2 309 463
10612,1 277 023
4837,1 595 818
4501,2 638 420
10549,2 341 085
1114,1 439 375
88,1 712 198
7817,5 022 078
1980,2 755 694
1151,3 092 945
2404,1 777 055
4641,3 072 610
2942,5 082 815
607,2 263 215
4293,2 784 425
5274,942 147
2701,2 923 197
445,1 612 963
7846,2 791 170
1138,2 022 970
7784,1 870 252
11617,3 455 979
1483,972 057
11159,1 802 840
8513,1 739 610
8892,1 256 149
2759,2 501 839
4645,2 277 984
2505,1 865 559
2017,1 777 769
9450,3 487 318
2271,1 822 291
2548,1 826 897
541,2 258 488
2449,1 793 552
8912,1 402 403
3996,1 741 143
3866,1 417 443
2885,2 562 215
2111,1 055 300
95,2 941 049
3071,2 478 742
10344,1 479 162
160,971 797
1039,1 064 191
1306,2 448 954
2725,2 052 996
868,1 169 723
11937,1 542 031
2177,700 609
4366,1 256 874
2742,3 889 938
12845,3 817 759
624,4 777 016
1659,3 839 629
6569,1 244 294
179,2 182 254
12103,3 227 470
450,1 912 403
5796,2 306 804
2573,3 001 540
4685,1 839 790
1325,1 248 377
2623,2 149 385
3088,1 165 428
8992,3 492 237
9195,1 806 292
2862,1 369 566
4097,1 600 399
12294,1 572 700
1600,2 438 405
8716,2 627 582
11537,698 561
7663,1 300 948
1206,1 164 070
2184,2 642 488
3525,3 212 845
9221,3 165 740
2166,821 663
3445,3 264 449
2278,2 217 800
4525,1 469 007
1354,2 252 591
10348,3 158 910
2023,2 811 263
1672,1 307 991
531,1 399 337
2048,2 814 846
429,1 456 934
9757,3 628 426
8636,1 747 692
7959,3 866 395
2886,2 689 172
679,1 579 951
1270,2 246 986
1618,3 307 703
1033,2 254 869
4672,1 647 547
5523,1 852 131
2398,2 213 434
1028,2 742 229
459,3 314 504
11788,2 039 472
3931,2 155 958
410,1 789 483
721,3 280 028
1490,4 012 328
2979,1 296 772
1967,1 823 035
3898,2 129 469
929,3 466 296
398,2 856 943
3304,1 281 870
2264,2 599 229
5436,2 685 094
5225,2 944 103
8587,2 774 438
4849,4 107 177
499,1 183 705
1460,2 141 055
2464,919 673
2683,1 925 255
9029,3 865 369
3188,1 702 863
1737,1 016 381
549,3 373 916
1390,869 969
10437,2 949 763
2787,1 066 159
4062,3 212 133
777,1 512 509
5135,1 914 384
3521,1 123 199
2750,975 805
12286,2 853 542
3857,1 956 074
578,2 224 459
1944,2 143 695
3511,2 356 639
3262,1 552 005
1148,1 256 496
11137,2 549 432
2426,4 526 070
12440,1 892 997
2704,5 318 377
1222,1 731 293
2707,1 188 327
10643,2 760 321
2534,1 362 619
1777,1 990 007
2331,1 451 563
12938,2 869 471
1139,1 401 632
1636,1 331 063
3224,2 900 720
5747,2 371 566
604,3 345 505
1346,2 882 708
9891,2 643 952
2653,2 334 992
10722,3 186 969
2214,1 359 076
8519,2 235 561
3869,3 551 068
780,849 044
5483,2 866 364
2495,2 207 735
251,1 489 257
8327,2 842 870
9610,2 304 303
2949,2 124 126
3713,2 584 718
2281,2 438 542
1704,2 406 505
2849,2 168 581
11160,1 387 703
5196,2 801 174
901,1 918 841
2204,965 798
2348,1 034 121
11923,1 918 381
3286,2 185 827
12299,1 752 046
1181,3 346 453
8251,1 855 936
2897,1 695 533
12548,2 376 023
2794,599 660
2835,846 284
1115,2 457 899
9351,1 520 471
12288,3 002 871
6764,1 958 683
2009,5 060 150
1484,778 353
12829,2 019 620
610,761 577
2018,1 100 164
8818,2 504 176
2270,1 481 270
7844,2 617 854
1755,1 314 393
3485,1 394 047
2501,1 586 677
2953,1 231 948
1395,622 785
2171,1 233 756
687,1 416 919
1644,3 158 119
1697,1 839 944
3814,1 846 987
2740,1 429 765
2793,2 287 791
9962,1 521 461
641,3 212 638
12391,2 695 179
2590,2 334 244
994,3 977 326
2645,1 465 259
11386,2 854 876
1681,1 116 521
2564,1 940 022
7876,1 634 885
1345,1 081 392
1417,1 839 993
615,2 043 295
2700,3 206 769
6521,1 623 071
2526,3 208 812
3038,2 211 773
5790,1 266 742
1919,1 645 831
5052,2 235 790
8895,2 504 937
12142,3 803 558
799,1 908 055
12389,4 658 966
1393,2 739 126
1373,3 970 576
12110,2 924 473
6469,2 456 480
1913,1 759 493
9400,1 703 119
570,1 353 277
1728,992 617
7188,4 713 786
133,2 700 670
10485,5 201 377
3011,2 434 854
277,2 912 023
2296,3 677 757
10784,2 628 609
1749,1 498 339
1353,2 049 498
11853,2 476 181
2426,818 796
4998,2 359 191
10103,6 597 178
2930,1 664 631
92,4 004 940
258,1 174 151
2074,2 223 220
417,1 969 262
2592,4 150 355
6207,1 999 955
1173,1 565 745
3596,3 525 972
10366,1 337 063
1972,3 615 117
129,1 435 909
2375,2 697 337
2425,1 770 817
3938,1 946 036
30,1 574 804
1210,2 673 266
6950,2 356 639
4565,1 240 951
9377,1 859 700
1813,1 515 141
1529,1 693 889
1350,2 684 031
9627,3 682 820
4201,3 159 423
5115,2 266 134
10237,1 241 329
6367,3 467 142
2532,2 020 880
1267,2 634 111
1553,1 150 812
8861,1 220 887
11037,3 072 251
2019,1 189 704
983,1 626 713
6254,4 348 884
6036,2 672 185
7896,3 850 049
11579,4 350 540
9071,2 251 126
1415,3 586 908
8738,2 323 679
2421,868 134
3887,2 633 187
2603,2 172 488
10495,1 667 066
7241,3 976 898
1486,729 209
840,2 604 642
12633,2 103 517
3935,1 905 031
1506,2 397 205
51,1 033 337
91,1 265 685
6525,2 877 662
2022,1 626 160
11218,1 872 358
10449,3 334 732
2851,2 172 474
1613,1 969 195
9444,2 386 318
10252,1 230 844
2062,2 494 454
6079,2 449 390
7797,2 171 050
739,1 152 601
12617,2 989 038
1809,2 697 063
9854,4 909 297
9749,3 010 921
12025,3 695 620
1865,914 431
1647,3 481 471
6023,2 451 445
10484,2 062 487
839,4 007 440
1250,2 853 556
12366,3 263 199
680,616 428
3932,3 312 988
2764,4 900 303
11247,1 921 645
1469,2 461 300
2899,1 340 404
6022,1 815 163
88,3 551 540
2565,1 347 133
3091,2 126 334
11493,2 471 104
2102,2 448 954
1296,3 109 152
2091,4 495 876
3628,1 126 415
2869,2 982 676
953,3 137 270
934,2 440 762
2249,1 090 540
8793,1 561 503
3503,2 037 935
5399,1 771 716
10727,2 396 601
3345,1 239 188
3402,1 316 727
7074,2 822 649
11381,1 331 605
48,1 527 823
12174,3 468 991
4823,2 655 932
8407,2 457 758
1898,4 652 726
3382,1 386 871
10289,3 163 832
2692,2 226 464
2014,2 782 801
8442,1 592 918
592,2 186 082
8920,2 655 799
4724,2 679 238
2187,2 325 326
4833,3 570 558
612,1 181 300
2465,3 626 040
12325,1 842 802
11278,1 664 899
8705,2 527 705
1026,812 679
7917,3 027 150
974,4 971 791
2184,1 402 743
3273,1 229 360
3670,1 563 007
3516,1 651 555
11682,1 696 624
12243,2 338 932
7650,3 661 606
6091,2 820 439
12793,3 264 189
550,2 771 952
7754,3 768 382
763,1 650 519
1862,3 034 865
2306,2 163 569
11541,3 773 451
10529,2 141 186
9305,2 384 355
7135,1 587 096
2188,2 847 655
7038,3 619 762
1657,2 175 631
4952,1 945 327
3889,2 158 123
2106,2 438 405
6859,2 821 358
2293,2 314 481
1298,1 957 352
8050,784 835
10507,4 678 062
5172,2 385 817
2241,1 523 049
7951,2 599 359
3554,1 851 116
970,2 302 123
3860,1 804 370
8588,1 020 631
1870,1 092 702
7348,2 084 960
196,4 090 909
97,2 252 284
6568,2 851 244
642,1 804 371
647,1 176 172
2637,1 468 292
2150,1 373 240
928,2 242 549
3658,1 914 296
12807,1 073 407
1776,2 568 084
2571,2 624 298
1857,3 854 320
5497,2 544 564
2231,2 400 040
661,1 745 543
2243,1 854 273
7044,1 544 399
8878,1 937 838
342,3 473 502
4563,1 359 788
3868,2 348 533
722,1 833 615
7869,1 663 237
12770,1 693 871
7153,2 845 678
2575,2 408 305
1107,1 765 127
29,4 318 942
2399,1 655 087
6602,1 676 594
73,1 754 958
4562,2 780 414
8356,3 342 297
490,2 620 799
960,1 139 887
3896,2 625 995
9620,2 559 625
7125,2 197 940
10693,3 008 218
4118,2 710 966
3906,1 876 176
501,3 171 466
6236,1 784 037
3483,1 472 606
5479,4 756 317
895,1 669 109
2030,2 168 408
172,1 536 943
2958,3 812 161
7839,2 274 110
8851,1 222 732
127,1 783 132
2560,2 575 676
4851,1 961 800
6203,1 751 586
532,3 213 085
1183,1 074 396
1448,1 458 351
37,1 961 335
2830,2 370 921
10753,1 827 087
9524,2 125 839
6280,2 518 630
402,2 998 064
6876,4 985 006
1609,1 615 955
2450,2 157 678
3291,3 766 141
2352,1 941 068
3781,2 584 271
4227,713 243
4213,2 085 255
8840,4 604 719
10260,5 132 717
12518,2 251 657
1065,1 163 598
2150,4 534 870
3717,910 457
442,2 934 962
10770,2 370 314
3066,2 717 790
8577,2 638 300
663,2 813 310
9176,2 796 292
937,1 473 927
3904,1 433 231
1621,2 390 187
12739,1 688 464
3235,1 332 869
2068,4 308 781
6399,2 675 549
3110,3 112 916
2018,1 732 119
280,2 448 413
10385,1 738 763
1864,2 765 548
3761,2 298 951
9392,2 391 688
6621,3 412 231
1855,2 588 366
638,3 324 551
2375,2 083 326
9563,1 927 409
4036,1 742 399
3626,2 063 024
3099,1 840 815
1468,1 239 156
11004,4 457 510
1031,2 085 772
1633,1 175 519
3541,3 184 200
1937,1 091 605
7248,1 157 847
10846,2 653 255
1034,875 695
2007,3 878 694
3510,2 505 804
6047,3 916 419
5934,2 182 254
8855,1 687 479
109,2 368 801
2261,3 215 985
7075,4 325 360
1129,1 255 527
9161,2 724 927
10779,2 294 190
1764,2 001 956
2364,1 002 332
1297,959 111
5575,1 886 479
11287,1 987 426
2218,1 364 089
6902,2 220 453
1025,1 722 516
3027,3 127 638
1594,1 229 455
4691,3 834 036
303,4 080 856
12095,2 757 342
2652,1 279 319
2708,2 135 887
1141,3 968 606
10822,2 179 148
6808,2 530 820
2605,1 864 807
10096,3 307 270
1381,570 873
8294,3 326 215
1889,1 959 249
1212,3 194 199
10068,1 498 785
2463,1 638 389
2448,2 167 579
4842,2 345 563
7712,1 887 805
79,2 823 796
6666,2 228 126
6711,2 130 130
10570,1 620 621
3320,2 292 780
8386,1 921 870
11428,3 810 021
10059,3 017 870
8479,1 673 104
9567,1 788 100
8699,2 415 758
2722,1 447 485
522,2 273 635
7905,3 236 945
1710,1 160 593
5986,2 582 310
7495,1 299 399
12565,1 908 338
1535,2 069 419
1213,3 620 859
3169,1 974 143
2223,2 727 709
654,1 538 576
6224,2 509 014
1606,2 847 870
10028,2 150 723
11557,2 978 152
2361,1 703 952
8490,2 261 482
223,2 229 509
503,976 377
5561,3 589 044
11943,1 649 268
1310,2 150 651
1002,2 561 166
6973,2 090 826
840,1 371 309
256,3 039 566
4188,2 615 347
10081,2 644 996
2242,1 464 116
827,2 219 182
255,776 703
520,1 600 827
1243,2 220 860
2969,3 217 636
9181,1 984 556
7858,2 435 813
7802,2 900 517
118,1 044 262
7583,3 613 919
10701,4 414 847
12038,2 822 095
136,3 092 539
2905,4 932 991
3315,1 439 493
1736,2 714 063
11540,2 696 889
2415,1 316 174
1273,3 188 188
209,2 433 062
9745,2 206 497
2754,1 248 884
3307,1 692 927
1149,1 083 513
6019,1 802 287
10655,2 080 204
7788,2 281 643
1389,1 402 669
1231,1 955 861
3876,1 151 783
4447,5 100 454
3857,1 286 265
203,3 234 892
589,2 457 366
1119,2 485 048
2703,1 656 915
10654,1 942 744
1051,2 083 861
8932,2 569 122
702,2 355 773
5295,994 438
4871,3 289 641
446,3 866 805
1435,1 159 429
9863,1 903 590
12725,2 397 614
12223,1 925 623
1327,1 961 305
3098,2 500 374
7499,2 747 449
12799,1 783 347
10114,2 367 534
4841,1 814 689
5654,2 035 401
12892,3 290 624
1984,1 689 476
12763,1 668 339
1098,1 753 943
140,1 244 761
1733,1 544 055
7930,906 321
7058,5 213 914
1345,734 767
3325,2 051 414
4419,2 650 348
8287,3 534 271
12890,4 514 522
4284,2 206 178
1873,1 345 851
1724,2 059 774
2749,1 953 569
7252,1 178 146
9690,2 160 359
3297,963 393
1316,633 479
8515,1 178 511
3875,2 018 625
1797,1 649 480
5022,2 750 428
6768,3 274 009
1052,2 046 047
6555,1 922 256
12783,2 352 788
5357,2 954 889
8455,943 243
5750,1 456 401
2485,2 043 295
10644,2 052 174
2403,1 511 220
6455,3 573 596
869,1 989 158
10287,2 275 662
1176,2 040 560
253,1 595 253
2072,2 050 910
7435,4 139 456
2255,2 514 461
976,2 698 678
12808,3 478 478
81,1 395 308
11759,1 556 999
2774,1 622 589
9564,3 233 892
11767,1 635 423
11667,3 715 414
2752,1 954 135
2796,2 614 156
8134,1 940 423
6565,1 757 393
3079,2 690 232
2900,1 258 065
939,1 806 145
5256,1 556 215
3679,1 737 764
2790,1 712 471
4961,2 068 714
1347,951 902
7113,3 305 630
2698,2 105 979
314,1 575 173
739,2 089 827
977,1 745 172
5363,2 252 382
9890,3 164 378
4067,3 811 561
3978,1 721 293
3108,3 444 055
5471,1 874 942
8486,2 664 747
8700,3 162 127
5957,3 105 313
898,657 031
2128,3 420 481
5260,1 674 407
155,5 014 305
2100,1 364 089
1649,2 886 660
3406,2 572 784
1510,1 981 968
5722,2 172 479
3785,2 473 718
12458,1 943 524
988,3 666 548
1704,1 103 993
631,4 414 430
689,1 011 166
11499,2 000 657
9810,2 500 425
2733,3 609 471
8210,1 555 629
10742,2 185 706
1572,1 888 586
4198,5 839 903
1696,3 547 664
12662,2 276 821
11201,1 218 279
163,1 712 238
9225,2 020 978
2352,3 012 759
847,1 984 719
9662,3 470 267
244,1 191 380
536,1 309 225
422,1 443 622
2839,3 260 519
2491,2 235 709
2261,1 702 701
9914,2 372 198
8856,2 438 599
197,3 420 607
2536,1 083 807
9175,1 230 511
930,1 227 797
472,1 887 798
4435,3 327 205
5614,2 549 212
10211,3 214 213
647,2 491 096
9040,3 375 598
1971,1 948 681
8394,2 378 059
2711,1 037 351
244,1 748 343
2658,1 484 191
2249,1 485 114
10266,3 066 766
2898,1 725 941
3820,3 508 681
10515,1 426 919
1343,2 027 683
1174,1 247 526
2451,2 319 607
2477,2 087 478
2770,3 367 565
3026,3 988 017
7374,2 141 470
6333,3 641 295
3523,3 418 388
2305,2 952 208
2327,2 664 507
112,2 749 445
10649,3 582 685
10685,2 912 872
1327,2 442 815
9013,3 106 019
2257,2 081 641
298,1 832 803
1573,2 440 735
345,1 687 889
4708,4 085 190
9169,2 099 966
1673,1 559 990
479,2 174 121
9150,2 836 451
8230,1 188 863
9271,3 496 716
655,1 540 651
2428,1 617 974
178,3 683 206
6114,4 557 833
8721,2 762 970
2424,2 408 617
10690,1 232 599
2655,1 096 055
1403,2 743 934
3741,1 439 435
3782,2 740 402
6751,2 457 159
8488,4 320 539
4798,2 535 934
867,1 367 240
6684,2 766 525
3705,778 193
2263,2 874 936
1885,3 248 389
11727,1 503 154
2754,1 043 777
11535,6 774 774
4684,3 139 898
12297,3 984 103
9472,2 945 502
3247,2 155 139
6084,1 164 287
4000,2 679 361
9199,2 271 879
8137,3 899 583
7242,2 635 243
836,1 544 221
3353,2 111 346
11458,2 415 280
245,1 420 131
1835,3 465 423
94,1 981 968
11782,1 309 183
1942,1 215 030
7776,5 019 578
1818,1 337 899
1761,3 029 549
6712,1 405 826
608,1 577 695
1378,963 366
1269,2 516 846
443,2 114 324
10961,2 541 227
8476,2 955 787
1105,1 049 231
7151,2 660 788
1189,1 200 935
2628,1 671 039
2506,1 760 366
1807,1 781 808
2187,1 681 583
1956,2 106 767
1839,1 230 869
2356,2 160 511
4144,1 884 821
138,853 652
6787,1 802 284
6956,1 461 662
2700,1 985 089
2438,1 898 671
1881,1 508 613
2350,1 665 924
7230,3 073 275
2687,3 180 953
7940,3 323 535
888,1 810 992
47,3 026 041
9946,1 127 073
9653,3 085 755
6632,1 852 107
546,3 945 930
2257,4 372 011
11818,2 032 743
10803,1 944 775
8030,3 298 852
1708,2 484 283
454,4 502 182
137,3 389 662
3288,1 826 750
2250,2 372 626
121,3 637 868
2185,1 753 888
2621,1 451 568
8734,1 594 671
2220,2 033 281
679,1 092 044
5566,2 361 538
286,1 744 692
6181,2 211 996
4809,1 938 263
8203,2 034 816
737,729 254
2559,2 353 729
8220,1 421 281
9966,2 035 290
10406,2 488 277
11293,2 987 753
10997,2 405 850
2281,1 845 603
2320,1 818 440
3333,2 670 006
2105,1 800 720
468,3 999 733
2538,3 826 924
3243,4 867 142
12154,1 469 211
2400,2 668 336
9930,3 057 698
4199,1 266 969
1406,1 527 823
2387,1 784 203
2802,1 524 457
11837,4 025 222
1445,2 211 918
1191,2 567 782
2398,1 210 511
420,2 187 619
11892,4 081 631
2520,1 984 218
3698,1 658 117
3740,2 542 371
8628,3 172 881
1282,2 292 454
6708,2 577 859
11123,3 503 054
2188,1 545 351
421,1 237 040
8290,2 723 098
701,1 049 961
1472,1 384 311
12014,2 376 361
5532,2 434 935
8595,2 224 295
1007,889 371
2199,1 445 572
7884,2 508 191
3016,1 581 678
1652,1 528 853
10038,1 787 775
8529,3 947 471
5665,4 321 422
1482,2 108 989
804,1 604 112
2089,2 356 639
4003,2 072 180
2570,2 685 231
735,1 314 195
9674,3 881 126
12862,4 330 099
7123,1 266 319
5091,3 045 788
594,1 962 127
1410,3 321 907
6190,1 911 078
6574,1 673 529
2843,1 049 204
2933,6 780 500
10339,2 679 247
159,1 920 015
3459,4 214 748
4015,2 605 207
797,1 062 748
448,1 328 629
9177,1 439 927
892,1 314 195
2397,1 502 237
486,1 688 864
3686,991 271
9760,3 678 842
3676,1 530 220
12308,1 977 395
3029,2 364 175
1827,4 525 305
2762,2 076 232
926,1 178 188
1276,3 986 872
179,1 726 765
3396,1 251 894
12047,986 758
9881,3 855 072
104,3 734 086
11364,1 559 466
5227,2 349 067
10670,2 596 440
3362,2 169 912
5059,1 198 181
4004,3 889 484
12160,3 168 937
8662,2 235 846
11542,2 607 498
1802,1 457 797
2614,1 662 213
10993,1 372 448
12951,2 925 951
7364,2 444 729
2879,855 606
12898,4 035 348
3057,1 606 260
2161,4 658 930
3632,2 613 622
5259,3 435 994
5186,2 172 672
3359,3 452 678
714,1 388 135
1185,2 078 841
6093,2 124 942
4308,1 931 006
463,2 039 864
1252,1 346 003
12730,2 277 770
10648,2 491 030
8691,2 293 079
9327,3 023 623
632,1 822 077
3334,3 148 894
12758,3 763 966
4318,2 796 185
1146,3 922 567
232,2 154 845
3623,1 740 883
877,2 111 852
5469,4 390 451
10442,3 394 038
10574,3 230 077
5272,1 492 567
3769,983 388
2301,2 927 785
7639,3 465 968
1538,3 677 544
375,1 516 938
3802,2 026 316
10521,1 703 179
2722,529 031
1697,1 206 380
12129,1 841 502
3444,2 879 152
3074,1 407 237
1422,1 322 387
7877,2 873 590
6134,4 544 351
528,1 405 556
5537,2 395 672
1523,1 496 980
5610,1 453 887
3692,1 964 347
6061,2 522 243
9957,1 974 486
1197,2 162 497
1693,1 868 638
1719,771 319
482,3 315 806
1574,3 966 819
2985,2 420 067
6259,3 554 477
3900,1 060 060
2583,3 562 572
3950,2 533 605
1467,1 428 269
1537,2 259 768
349,3 577 093
9284,2 853 382
1766,3 190 655
5184,2 484 613
893,2 110 175
12107,3 111 321
3684,1 473 397
5591,1 753 943
10710,1 752 474
2948,928 310
1030,1 806 472
951,2 765 573
8615,2 885 318
7728,3 947 833
7338,4 052 791
11014,2 232 284
7001,3 437 438
1551,1 936 467
1432,1 690 645
2375,976 732
2839,1 601 285
10019,1 766 863
1922,1 930 301
2386,1 858 142
3679,3 662 433
10197,3 090 801
1218,2 708 536
809,1 115 511
8353,3 123 319
9193,2 601 318
7213,4 649 203
1555,2 514 518
42,1 239 388
572,1 161 863
12543,2 660 363
899,974 311
3944,3 388 917
4130,2 267 654
558,2 267 190
2338,1 697 294
2518,1 591 112
4260,2 375 291
3196,1 689 915
7195,3 326 703
11790,1 348 335
3409,1 814 557
401,2 207 726
11392,1 463 309
12466,2 750 619
9879,2 677 105
8382,3 809 024
12537,1 957 899
1103,1 736 500
6241,4 257 039
11805,2 826 099
2992,2 516 456
11127,1 165 014
1983,1 325 132
3431,1 537 503
5814,1 601 305
3119,1 393 453
594,2 511 120
3706,1 896 869
2054,2 518 076
1010,1 621 867
443,1 515 848
4720,848 572
529,1 725 024
1254,1 567 865
876,2 407 846
782,4 463 672
8713,1 974 279
1688,1 091 410
7883,2 376 545
10315,1 850 031
7376,2 901 683
3559,987 356
5759,2 400 942
11396,1 159 082
1568,1 581 588
8821,3 003 049
2904,1 445 225
1078,1 701 405
7253,1 995 818
2404,2 273 635
3080,2 666 839
1526,920 012
2824,2 013 306
299,1 385 847
2968,1 244 748
12384,1 416 983
5385,3 368 431
1427,1 987 831
120,639 097
9333,2 644 898
1234,4 374 512
3757,1 623 595
10125,2 192 802
7009,2 479 531
2907,1 089 857
2651,1 736 637
11489,2 258 452
4747,2 698 916
2915,1 858 376
2281,2 184 197
11423,1 717 214
11250,1 294 803
7954,3 557 239
7398,1 982 360
12434,2 358 009
3835,1 903 730
2952,2 498 052
10140,1 385 403
4164,3 089 054
12698,3 286 517
365,3 320 703
9691,1 911 178
12876,2 823 871
10808,4 172 544
5533,2 683 251
6,1 443 961
2250,1 438 591
8837,2 203 838
7363,2 208 547
1747,1 431 361
638,1 625 077
6000,2 367 534
11702,1 912 331
9923,4 611 795
2424,1 567 865
6474,1 019 971
8731,2 649 956
532,2 742 655
1579,2 315 731
10224,2 447 242
12889,2 260 283
6890,1 850 422
301,2 623 467
5169,2 381 753
5757,1 577 633
868,1 844 806
2076,1 724 274
1045,3 763 248
5114,3 783 623
7335,1 394 567
247,4 681 587
6606,2 685 803
12724,3 408 792
718,2 293 291
12074,2 982 025
12382,608 734
2302,1 726 253
10399,2 317 318
7371,2 908 124
10009,1 935 255
2043,2 577 451
9224,4 124 204
3223,1 918 799
1994,1 804 159
4693,1 306 054
7803,2 309 383
6296,1 699 722
491,3 924 523
2903,2 148 511
6980,2 422 455
7233,1 528 507
5751,2 312 141
3895,2 365 883
911,1 151 843
844,1 259 302
1100,1 874 475
11709,1 376 359
11373,3 055 353
5420,2 391 334
1950,2 657 850
1485,1 753 954
822,2 091 829
2713,1 761 453
1652,4 434 599
5249,3 241 718
4506,2 907 414
2020,1 483 378
2708,2 571 095
4909,1 553 615
2466,2 401 123
1775,895 151
12376,2 892 266
2125,1 271 511
5632,1 726 348
6177,2 089 350
920,1 611 824
2440,2 681 405
322,1 514 579
3543,2 160 444
45,1 703 485
25,4 514 821
9926,2 445 953
5017,3 007 350
769,1 334 366
749,3 037 359
6121,1 544 055
1955,1 900 887
652,1 316 735
6730,1 833 810
7871,2 444 764
5869,1 195 111
8343,2 000 101
1171,1 822 653
9985,1 830 656
12960,2 098 486
1207,1 833 163
6735,1 055 847
10534,3 901 647
1780,1 169 919
10844,3 352 318
3404,1 259 383
7321,1 863 582
3147,1 430 032
1804,2 178 709
4723,1 762 407
12257,1 769 308
7286,2 891 113
126,1 770 817
7641,2 793 713
8894,3 020 171
12583,4 684 924
2395,2 593 503
11724,4 591 366
3452,2 010 460
5130,1 245 642
4773,2 512 726
1277,721 756
12261,3 467 687
10582,3 129 460
2542,1 276 895
2536,972 396
2061,2 111 335
1934,2 485 067
2582,3 112 751
2547,1 055 300
3386,2 415 332
2843,1 665 606
4101,1 587 340
11692,3 631 260
9108,2 683 086
6208,3 225 471
1949,1 544 535
341,2 842 955
555,2 006 045
9906,1 451 514
2069,2 906 260
12051,3 983 469
1326,1 834 062
1773,1 896 569
8117,2 295 601
5732,1 772 692
11631,2 949 556
2391,1 541 708
10430,2 478 495
871,1 248 399
963,3 462 140
10425,1 673 730
10157,1 311 607
2044,2 356 024
9042,2 325 614
3008,1 812 296
3548,838 319
8064,2 187 273
7547,2 985 499
1722,702 327
1236,2 217 861
1205,1 227 797
3073,1 435 430
2956,1 796 743
927,2 147 371
12931,2 698 725
4660,1 572 673
9908,954 169
6523,2 000 826
3046,2 645 243
8352,2 098 924
2312,2 699 064
3072,2 741 934
10010,1 463 124
10916,2 415 393
8212,1 214 783
3520,2 326 320
176,3 735 561
8883,2 373 011
1689,2 171 367
12939,2 794 193
2729,1 670 032
7633,2 344 386
2292,2 141 548
674,1 878 860
7218,1 056 711
556,1 963 590
381,2 511 120
1974,2 616 191
4416,3 953 196
3646,3 613 903
5050,2 416 916
1411,1 179 876
8328,2 245 176
1662,3 036 208
1190,2 334 895
10531,3 984 308
2823,2 863 434
1425,1 251 150
2400,1 290 813
10896,2 578 758
12857,2 606 122
2112,2 917 935
6886,1 644 762
12267,2 842 089
11988,2 265 762
2522,2 662 755
2528,1 518 668
925,2 176 902
2644,2 057 245
1808,1 162 831
8860,2 423 934
5633,2 432 908
11888,2 959 286
4839,1 223 070
1607,1 417 292
8936,3 128 812
1155,4 327 950
3587,2 038 583
12920,3 280 028
5356,2 618 936
915,3 465 363
7269,2 825 884
574,826 428
8,747 686
3273,2 203 019
541,3 330 096
1318,1 009 287
811,1 434 166
940,1 316 095
439,1 549 573
1387,3 299 476
2210,2 107 643
6762,3 185 142
2192,2 918 254
4918,4 073 748
12457,1 929 254
2850,1 557 605
1342,1 888 076
1640,3 013 959
821,1 317 737
2876,2 439 467
12690,1 514 901
12015,1 774 334
7853,3 251 091
1000,1 533 234
10884,1 862 260
2912,1 937 204
5422,1 392 119
529,1 570 135
971,1 112 724
1895,1 935 209
9673,2 803 337
4035,1 399 159
10810,2 456 628
2081,2 735 733
248,1 773 856
369,3 842 668
3654,2 245 719
8993,863 610
2228,1 561 710
2827,1 351 044
6600,1 287 895
3227,1 972 016
5508,2 256 270
3993,4 136 046
4561,1 859 873
95,2 224 166
75,1 717 070
10147,1 716 738
3869,1 529 855
2736,1 514 579
10816,1 838 082
12713,1 347 551
3015,2 988 967
4988,2 500 652
2528,2 063 463
5558,1 486 063
6162,3 250 342
455,1 732 079
9508,2 872 903
9605,1 954 014
5505,3 352 231
12006,2 367 105
6620,1 840 907
11398,4 230 475
2138,3 302 982
3917,1 798 200
2045,1 815 635
11628,3 527 969
842,2 324 033
8485,2 878 507
5299,2 905 876
7816,2 323 852
3184,3 742 644
1064,1 848 334
3525,3 678 671
1400,2 788 484
3794,2 667 657
3962,1 845 277
1689,2 430 094
221,2 667 299
1124,2 266 808
11585,2 886 056
3972,1 372 742
436,2 357 021
8526,1 567 643
87,1 639 685
1910,5 300 954
12533,2 323 030
1781,2 805 046
10396,2 253 308
768,2 749 969
6775,2 882 119
9387,2 796 782
28,1 405 466
9685,4 064 550
12969,2 945 202
1763,3 252 790
6431,1 452 001
1510,1 599 836
11960,2 589 870
8110,2 485 304
2797,1 657 400
1042,2 725 468
1454,2 395 309
7042,2 682 790
2935,1 152 094
8822,2 153 430
368,2 943 615
2066,1 388 338
1811,1 664 631
12162,2 229 300
1324,3 757 994
1700,2 076 232
6316,2 825 485
1840,1 877 508
9229,2 731 825
11823,2 892 539
2588,1 579 421
12838,2 106 619
1019,3 073 679
10448,4 590 438
12576,2 618 951
11792,1 774 336
7965,1 715 763
4286,2 677 319
4337,2 384 455
9254,1 675 899
3836,3 052 011
463,1 782 965
3571,1 151 556
1859,2 498 127
2623,824 041
12065,1 635 099
5574,2 058 009
1542,2 645 313
3322,2 603 358
6719,970 079
2639,1 229 447
8719,1 611 360
3105,1 932 804
12143,1 405 474
7672,3 877 238
11196,2 255 151
3052,2 474 772
12273,1 028 199
1437,2 971 437
9104,2 067 133
2456,1 193 926
2334,1 133 124
5644,1 596 583
12691,1 227 583
11001,1 441 116
4050,2 818 778
4425,3 024 840
2366,1 574 236
2248,2 376 235
8211,988 540
2454,1 548 836
1962,1 961 913
7581,2 631 391
9705,1 458 855
152,5 121 478
645,1 204 599
9897,1 830 154
5555,2 892 267
4280,3 574 431
2723,736 617
555,1 919 164
2078,1 811 348
3976,1 463 127
6322,4 537 522
3555,1 267 049
9928,1 401 397
989,2 247 377
3711,1 209 247
1785,1 967 425
8147,608 903
102,1 734 759
8940,1 956 875
3121,1 632 404
977,2 527 275
753,1 216 089
1027,1 955 961
951,4 471 086
8412,2 619 722
10013,2 043 015
9456,1 620 149
3330,3 586 157
2195,2 153 515
2436,3 611 464
771,1 261 411
2716,1 857 864
12127,1 217 585
8876,1 258 482
3199,1 739 695
4983,2 994 946
11405,4 161 073
3298,1 019 527
1073,1 677 680
11482,2 218 721
4692,2 028 439
6396,1 069 543
2111,2 511 549
181,1 291 325
932,2 917 473
11523,2 824 830
1390,1 373 319
1902,1 757 761
6867,3 806 860
5078,2 588 331
7190,2 287 492
2319,3 178 332
11572,1 589 803
4754,3 672 031
10198,1 586 252
27,2 114 776
815,2 856 030
1521,1 917 505
3364,2 598 510
1283,1 328 701
5859,2 324 598
8332,2 043 751
904,1 358 452
11264,2 127 286
2917,2 006 388
1453,1 399 791
2471,2 206 749
3716,2 626 874
7724,2 582 457
941,2 511 436
6391,2 901 960
787,1 773 817
3811,3 244 053
1795,3 897 133
9074,2 490 644
8729,2 667 382
8514,3 813 460
2634,1 392 734
1478,1 779 939
4011,3 059 706
11715,5 247 724
3369,915 079
3041,1 514 073
505,2 788 724
9113,2 798 187
6338,3 379 041
2639,2 226 989
12989,1 529 877
7779,2 223 220
5470,2 047 888
6815,872 084
5408,3 194 465
3675,702 327
2579,2 143 253
845,1 579 375
993,2 170 751
58,2 058 973
5536,1 500 427
1138,2 384 128
1395,1 926 006
2561,2 122 873
5119,4 290 713
12566,4 458 185
1542,1 680 516
7360,1 945 549
2084,1 744 107
2010,2 465 436
8565,2 000 295
805,2 231 844
1978,1 851 680
11704,2 533 833
12955,1 171 292
139,5 272 070
8127,2 759 278
1507,1 279 119
10194,1 355 058
3057,2 688 585
3125,2 399 566
6408,2 034 767
2986,1 749 620
12572,1 763 431
3696,1 445 937
7353,1 731 383
12599,1 970 526
6927,2 178 997
8862,2 791 118
6561,2 672 651
4214,2 673 971
10908,2 006 431
1792,2 391 423
12001,2 090 115
2413,1 810 575
2946,1 074 396
2798,1 216 593
3449,1 689 791
2009,2 567 758
7268,3 835 381
10482,1 886 954
363,1 458 324
6465,2 939 767
11095,3 335 206
2554,2 123 976
10964,2 326 777
5177,3 048 390
927,2 769 844
486,1 644 386
7751,2 800 134
568,2 964 556
7308,805 927
2258,1 228 936
3035,3 716 419
5390,3 014 959
2363,2 600 020
139,1 782 315
4874,2 516 242
12418,1 928 213
2365,1 364 024
1483,1 567 865
347,1 326 395
2582,2 596 341
10520,2 582 037
1178,2 718 012
2035,1 337 092
12861,1 813 228
4012,1 610 835
7072,3 183 161
2895,977 668
3699,3 576 615
115,3 510 088
9718,1 240 752
2792,3 373 462
1149,1 470 253
3063,2 248 275
11215,2 861 734
5974,3 061 254
386,934 748
724,1 538 385
4129,3 229 902
1230,2 418 450
333,2 280 929
4760,4 645 340
10819,1 646 662
7416,1 914 677
475,1 672 760
1166,1 934 859
1713,3 327 059
3171,1 787 953
834,1 526 793
9584,1 869 355
6298,1 107 884
2798,895 481
1284,1 161 782
1211,1 538 091
4674,3 130 887
1979,846 239
9248,2 271 751
2404,2 777 158
952,3 624 600
8755,1 785 266
5660,1 830 217
4290,3 513 079
1299,2 087 155
12231,2 147 909
808,3 577 387
2838,2 143 276
10017,4 062 264
698,2 121 548
2333,3 078 713
1265,4 364 537
9922,4 777 369
7795,2 957 931
740,1 980 287
1084,1 004 180
3673,2 462 963
7824,3 064 854
12760,4 008 502
7843,2 036 251
1169,2 483 191
168,948 150
2583,4 345 233
3096,4 140 827
11471,1 153 615
2116,1 630 768
7564,1 696 770
8028,2 151 435
2715,1 419 353
2461,3 369 488
3228,1 757 607
6090,948 391
1821,2 854 743
39,2 532 388
5396,2 122 790
10337,4 188 055
8899,1 570 143
10548,2 435 348
629,3 579 713
6264,2 382 634
3973,1 945 943
12120,937 153
8116,1 908 226
7166,1 590 320
1674,1 087 037
2234,4 261 300
2767,2 304 975
7043,799 964
2403,5 737 003
3952,2 347 590
3279,1 941 320
10209,4 309 028
3839,3 102 219
1625,1 354 127
2884,3 492 031
9882,813 164
4592,2 931 869
2778,1 765 219
783,4 642 228
1071,3 921 904
12321,1 883 887
234,1 925 715
11549,1 203 588
2286,2 918 310
1945,1 862 198
8962,2 150 709
1766,1 832 015
5291,1 540 642
8169,4 190 833
2213,751 212
4743,1 730 996
264,2 262 052
12800,2 453 753
2986,3 317 646
6691,1 846 793
9619,2 633 859
7357,3 826 982
908,1 663 331
11477,3 729 122
658,1 848 208
810,3 605 792
8531,2 590 710
562,1 719 584
37,1 314 952
2218,2 289 156
2015,910 902
1595,1 581 371
839,2 239 065
1803,815 937
686,1 285 008
8215,2 341 846
2158,2 426 537
5602,2 704 877
1245,1 025 199
3802,834 335
11839,4 236 522
10393,1 258 696
11063,1 220 095
12912,3 464 550
848,2 343 739
2654,1 928 361
2757,1 521 004
12147,3 206 407
2854,1 681 451
11005,2 572 884
10674,2 658 213
9828,2 643 187
2479,3 427 929
8507,3 011 321
1626,1 079 630
295,3 177 630
11120,2 530 126
222,1 294 942
1101,1 519 950
4071,3 886 030
4184,2 236 318
2513,1 680 817
6878,1 742 617
2816,1 251 179
1608,2 446 790
11650,2 753 767
2617,1 280 867
11020,2 148 543
3267,1 185 748
6860,3 645 462
10713,1 190 775
2329,1 177 149
9189,2 608 823
13,1 480 055
2634,1 945 748
313,1 980 659
3085,2 809 692
5599,1 174 862
11138,2 369 566
10388,1 604 292
7119,2 816 873
9265,2 596 375
1481,1 539 872
778,4 245 143
3383,3 017 910
6038,3 432 871
9522,3 625 685
5185,1 654 668
9546,1 738 593
11371,3 378 616
1883,2 229 269
10080,4 016 903
2608,3 907 373
2313,1 437 777
6351,5 348 975
12088,1 471 796
4230,2 198 791
727,1 875 035
10333,3 532 883
4125,2 441 789
814,1 090 726
1259,1 594 950
5905,1 101 472
138,2 005 949
7748,1 075 953
1819,1 921 300
6777,4 611 182
6454,2 981 509
9851,2 784 313
2634,2 140 438
3432,1 244 294
11716,2 603 729
370,1 934 704
7734,1 952 850
2229,2 125 411
3818,4 554 041
119,1 786 424
3591,2 353 794
175,943 724
12010,2 265 237
3907,1 122 951
10995,1 199 322
1905,3 655 531
1870,543 367
2686,1 690 645
6625,2 141 684
3087,3 643 900
1961,1 058 420
1063,2 742 081
2854,2 189 506
3068,2 569 752
5818,1 125 987
10506,1 126 201
1033,3 267 151
3695,3 436 423
2517,1 800 302
1407,2 115 141
1857,1 941 308
3219,1 588 790
693,1 646 196
2116,4 062 469
2800,2 802 772
903,1 518 213
11217,2 934 793
980,2 072 612
12674,2 781 418
2573,1 877 919
6919,2 056 726
2198,1 256 524
3370,2 017 130
1819,3 528 807
7487,1 638 903
55,3 674 141
1091,1 495 641
837,1 941 320
24,1 663 331
8060,2 848 979
3672,3 256 786
1114,2 302 048
1265,1 419 919
2566,2 326 871
2154,1 860 523
6572,3 918 139
10533,3 627 982
535,2 933 052
7878,2 844 491
10054,4 376 446
17,2 703 451
6709,3 419 732
10189,1 617 337
11938,3 392 559
3300,991 852
795,1 557 607
1025,1 253 079
4572,4 095 972
9733,2 580 310
11506,2 896 640
9072,1 222 717
3637,2 123 619
12833,3 714 327
6200,2 390 337
2153,2 536 734
11490,2 229 823
777,1 951 054
1834,1 327 944
3175,2 352 803
468,4 213 966
2496,1 357 526
3852,3 089 804
1958,2 908 421
4758,2 993 168
2242,3 878 941
6146,3 333 605
1061,1 932 371
1116,799 964
2297,5 092 833
12661,1 445 947
13,1 731 449
12339,2 921 415
8806,3 832 024
1748,3 309 102
10974,1 376 417
2034,2 303 524
185,1 512 509
1256,1 282 987
1975,1 434 912
779,2 012 748
8009,2 376 742
1186,2 869 822
846,1 569 296
10398,2 438 832
2987,2 294 063
3603,1 585 745
2444,2 484 750
12926,1 680 547
11316,1 830 154
4637,1 617 702
1265,2 024 052
5707,2 390 452
1767,2 356 538
9986,1 130 652
8239,2 239 851
2071,938 639
7026,3 079 846
3489,1 222 677
2276,1 959 249
6209,4 492 352
10146,2 267 174
3736,3 362 977
2036,2 502 483
2796,1 864 794
1657,3 184 200
7726,5 287 608
872,1 431 361
3226,1 865 989
2357,1 835 089
4329,2 392 214
2760,2 275 003
2777,1 230 657
12894,3 035 387
7807,4 084 121
1059,1 872 792
241,1 068 838
1980,1 641 793
12437,2 854 050
363,973 918
10005,1 666 471
2326,1 717 302
2267,1 051 769
7667,1 415 109
5527,2 774 559
8665,4 045 548
10566,4 041 766
7520,1 391 058
2051,1 656 683
12936,2 168 624
2560,1 188 558
1014,3 583 870
416,1 589 803
1079,1 436 966
2339,3 118 369
1337,1 319 513
12804,4 085 190
656,1 253 524
12470,3 509 751
417,2 098 232
12059,1 140 490
931,1 986 369
6440,3 336 906
8022,2 839 468
536,3 645 496
2014,3 688 272
3084,2 024 464
4996,2 556 933
3218,1 329 379
2196,2 967 516
1772,2 290 879
6821,2 022 980
1102,2 961 911
2492,628 857
5024,2 332 766
46,2 163 272
1485,1 579 868
10935,2 517 089
1298,3 242 549
539,1 395 308
571,981 852
10835,3 953 014
3146,3 431 925
8270,1 991 097
387,1 573 731
2219,1 349 495
11430,2 377 113
1293,903 502
11660,1 554 471
12327,3 305 881
731,1 612 742
1065,2 993 181
2600,1 695 140
2766,1 332 869
4476,2 877 758
5615,3 964 111
2224,1 398 533
252,1 396 332
11331,2 534 923
10615,2 550 833
3479,1 127 472
1909,1 334 333
12268,1 717 901
5972,2 862 826
7998,4 101 086
1379,2 787 901
11167,2 506 366
2444,2 976 078
1294,3 526 685
8597,1 269 244
1550,2 872 476
3474,3 691 623
4856,1 306 151
2195,1 416 793
8593,2 266 348
493,2 833 887
9532,2 597 062
1760,2 427 066
2106,2 073 732
2921,866 425
1089,3 330 096
3266,2 148 123
11065,3 866 938
2732,1 844 615
3499,3 583 477
3915,2 545 909
8496,3 971 388
2841,1 515 641
434,2 654 398
8389,2 328 195
7250,3 528 315
6683,3 159 126
4477,3 858 868
949,2 993 228
1575,2 904 336
236,2 094 662
575,3 396 177
2552,2 148 980
2780,679 327
2044,1 882 732
989,927 732
3499,1 434 707
7088,2 324 526
691,1 702 127
2070,2 012 048
8261,1 009 962
2671,2 662 966
1253,2 607 244
141,4 409 945
2448,1 147 830
346,2 706 476
6002,3 168 430
835,1 122 175
3045,1 611 819
3599,2 618 936
762,1 604 384
3653,1 442 365
120,2 185 259
3129,3 613 567
11986,2 221 689
4960,2 781 261
8938,1 997 720
4470,1 145 050
9819,2 407 081
8632,1 644 694
2813,1 482 583
10061,2 713 669
11530,2 556 774
1708,2 689 600
3798,1 435 491
6353,2 930 407
3284,2 539 439
12795,2 693 577
10132,1 169 796
1742,2 211 896
498,2 201 748
278,1 653 230
988,2 980 951
2476,1 760 775
7928,2 450 753
3202,1 377 418
9007,3 815 685
3422,2 154 358
873,1 253 011
880,1 801 087
6773,1 366 162
7191,5 597 390
1768,1 181 245
12694,3 436 718
6996,2 326 611
1407,1 513 294
222,4 302 619
12653,1 455 730
377,2 621 941
3313,1 752 407
2475,1 479 229
3707,915 550
3260,758 905
11310,2 256 986
4031,5 231 972
2922,1 983 291
430,2 012 048
1034,1 769 787
2710,724 767
8358,2 305 720
38,2 512 928
12593,1 341 707
996,1 643 062
7012,4 394 964
518,1 033 337
3724,775 583
2277,2 172 079
11999,2 243 106
10782,2 954 255
3285,981 086
1266,1 781 050
3528,1 582 069
10775,4 230 859
2574,961 399
12646,1 457 847
11983,3 643 620
148,2 176 416
1009,2 139 980
526,1 286 745
5414,1 734 999
5,3 637 247
3257,1 505 641
11654,2 362 904
2612,1 016 001
8285,2 739 396
5431,2 153 515
2208,2 588 542
399,2 691 535
6006,3 982 087
12791,2 723 282
10807,2 426 239
1475,1 408 415
10870,2 703 228
10106,2 044 538
1340,2 734 754
3655,2 571 952
6747,2 784 295
4806,1 615 967
745,3 610 680
1735,3 666 521
6380,4 318 637
2554,3 089 470
4916,1 569 975
2428,2 169 055
3796,1 847 379
1915,2 338 164
6883,599 687
4822,1 000 337
3505,3 347 446
4305,1 802 049
958,4 227 911
6313,1 795 288
5551,1 091 767
9471,2 602 393
5500,4 168 081
12356,1 423 879
11751,2 284 576
7379,2 355 855
594,1 244 241
2180,2 435 150
33,2 577 926
7557,885 426
2443,2 383 589
235,810 078
12826,2 642 223
6629,2 671 812
5882,2 808 761
6461,3 133 151
2203,3 063 211
122,3 055 185
3961,2 936 309
1135,2 191 913
464,1 365 253
4695,3 015 286
533,1 451 151
8292,2 750 405
8602,1 816 053
124,3 243 609
494,2 955 127
11753,1 387 462
8702,2 521 134
1342,2 554 920
3405,2 946 899
5582,1 342 839
3979,1 542 812
775,1 719 797
9238,3 583 974
11508,2 017 043
27,2 049 871
6272,2 960 982
99,1 038 484
5565,2 974 101
4936,3 377 123
3992,2 249 391
9187,3 255 058
6646,951 879
1096,1 737 286
6230,2 844 489
1847,2 075 942
6,2 060 943
1872,3 801 589
5019,3 156 384
68,2 488 921
1521,2 309 675
3531,1 354 500
2200,2 123 128
942,1 281 870
10519,2 952 650
391,2 568 661
3727,1 165 959
997,2 313 134
9375,3 240 404
10481,3 462 345
3874,1 125 212
3638,557 649
692,1 533 031
12324,2 699 373
1929,2 700 347
1561,3 425 935
2002,3 554 886
75,1 224 513
8928,2 480 284
11624,1 789 444
9384,2 073 449
8849,858 964
8217,1 924 284
9553,2 704 451
2882,1 877 407
4537,1 454 101
2968,1 605 421
1660,1 473 851
65,2 037 623
2586,2 732 153
3622,2 194 603
10411,1 110 794
12568,1 274 191
3969,976 166
3747,1 936 721
1133,2 422 800
8747,2 802 902
5904,3 094 234
12759,651 430
10790,4 578 713
10242,3 638 958
10740,1 752 430
2283,2 248 905
2244,1 428 778
794,783 009
1998,1 546 707
2819,1 403 980
1794,1 773 130
1302,1 793 769
10895,4 336 106
786,1 507 616
938,2 221 072
2965,1 407 389
490,2 655 290
2293,1 867 280
9386,2 031 253
11595,2 558 401
9751,2 810 465
1756,1 859 054
2380,2 245 295
11806,4 671 374
2593,1 120 857
4943,1 266 158
431,2 603 202
3126,1 807 506
2270,2 160 204
1335,1 575 467
6336,1 747 287
1075,2 458 683
4302,2 078 489
9520,2 193 132
1527,1 558 215
604,2 090 485
6247,3 203 878
1343,3 139 999
172,1 533 866
5903,2 301 505
2717,1 494 404
5854,837 967
3771,3 969 940
1945,3 775 359
2136,1 299 984
2468,3 024 958
10508,3 138 132
8735,2 815 939
4748,4 230 600
127,794 132
1076,1 673 032
473,913 796
157,2 424 107
1656,1 166 135
1922,1 663 549
3132,3 476 091
6342,3 323 897
1286,3 247 670
2663,1 239 156
12940,1 578 592
5619,1 160 367
4530,1 807 336
5076,2 141 073
8,2 399 181
849,3 167 308
1137,2 031 432
1403,1 237 652
5345,2 656 946
491,2 677 008
3239,2 567 083
9804,2 780 157
11878,2 780 783
7481,1 741 978
1304,572 591
1982,3 609 471
10559,4 864 935
6293,3 629 292
2565,2 285 844
612,3 903 822
11909,1 569 527
12050,3 822 110
1841,3 420 993
11522,1 994 089
1298,1 705 108
10222,4 268 522
3097,2 750 482
5137,1 703 335
2369,5 708 358
684,3 307 925
6580,1 499 167
1246,2 488 167
9843,3 142 207
3141,2 781 689
8004,2 253 822
5308,3 030 052
290,1 155 718
3220,1 845 830
6078,3 845 356
7220,2 785 099
7266,2 924 735
5806,2 729 129
3149,2 172 474
1555,2 037 569
1406,1 481 757
749,1 132 415
7430,2 308 154
11340,4 943 669
4056,1 107 967
2478,1 494 359
204,1 123 988
7864,2 135 110
3777,2 344 046
1927,1 806 472
1392,1 584 503
720,1 755 719
3989,1 161 844
2479,2 357 817
4017,1 782 559
2110,1 224 041
5821,3 825 343
3602,1 073 691
145,1 619 722
56,2 970 168
11495,1 545 020
2879,1 740 242
10218,1 838 102
1344,1 251 894
2908,1 161 591
5009,2 393 854
9204,1 190 960
1078,2 839 908
5334,3 342 538
1518,1 190 223
9801,3 097 207
1203,3 672 479
1500,1 828 947
6028,3 129 822
2882,1 964 921
8244,2 847 176
10256,2 541 107
2322,894 313
10825,2 952 276
72,1 413 454
12640,1 635 136
1762,3 310 446
9488,1 903 465
2928,3 235 133
11913,3 353 016
1711,4 705 531
3598,4 136 046
2571,1 057 467
5519,1 080 415
1820,2 840 395
1264,1 965 344
825,1 879 907
2506,3 462 345
6505,2 926 268
4210,1 766 501
1702,1 167 496
1247,1 598 033
10552,2 483 436
2311,3 253 457
9288,1 127 882
2980,2 384 669
2250,1 436 003
8069,3 064 198
697,941 390
8622,3 249 902
350,2 759 997
2373,3 695 398
8841,2 095 117
4614,1 739 845
660,3 580 006
2557,2 317 016
3649,2 618 094
12921,1 386 839
7799,3 670 642
3103,1 175 573
9268,1 954 238
2912,2 496 078
7173,1 229 940
3953,1 985 639
1750,1 470 765
3538,1 743 703
897,722 540
388,1 019 985
9775,4 634 713
938,1 114 705
3556,2 488 565
398,1 674 790
2659,2 726 527
638,2 067 930
6954,1 182 047
4215,3 216 246
1223,2 238 752
2808,1 444 174
3602,3 207 788
7323,2 593 723
6593,3 518 054
3500,4 199 566
2339,2 153 515
1158,1 391 931
11684,2 185 479
388,3 433 101
12658,3 613 444
1014,4 096 840
2539,1 314 380
12569,2 825 697
12259,1 307 749
8284,2 568 410
2330,1 654 342
10672,1 693 972
2828,1 177 231
1990,1 190 236
8520,1 170 686
18,1 006 700
1660,2 395 367
177,918 175
665,1 651 189
3172,2 728 372
8599,1 390 441
2651,2 148 980
2690,1 398 118
4090,2 506 126
1781,1 492 835
11271,2 499 441
11802,2 490 527
10695,1 080 967
11241,2 568 190
3483,1 536 867
572,2 170 751
3939,3 172 548
7146,1 324 400
2739,4 140 094
9232,5 094 521
4729,1 650 524
966,1 881 973
7115,1 825 416
1688,3 538 733
3098,1 859 700
7347,4 282 591
9549,3 200 051
6612,1 859 618
1252,4 563 774
3821,2 299 201
6657,1 743 948
12812,4 559 526
2135,2 720 045
1759,2 314 883
545,3 623 351
8863,2 929 783
6365,3 089 556
3711,2 283 792
7541,1 707 686
5720,2 355 055
1446,3 577 387
3791,2 272 620
3893,2 613 726
3775,2 142 079
1273,4 362 768
7025,2 516 244
7313,2 126 119
382,2 444 848
8639,2 912 984
9831,2 444 046
1007,1 948 755
6037,1 983 039
12605,2 914 031
619,1 478 499
1627,2 453 830
2530,4 007 440
1444,2 276 263
83,1 974 521
8915,3 098 118
3008,1 804 131
2610,1 577 263
457,2 069 587
11978,1 718 373
12365,2 233 306
3883,793 196
2961,1 965 849
2421,2 306 409
2611,1 274 261
302,1 715 630
516,2 138 515
361,2 740 024
3466,2 433 339
11171,2 980 376
8543,3 082 311
201,1 587 336
10686,3 215 502
7306,949 921
1528,1 275 747
330,1 675 819
12278,2 092 773
8108,2 796 840
3959,1 474 069
3719,2 152 951
4949,2 921 416
520,2 780 071
5474,2 980 095
152,1 523 773
3481,1 170 535
7991,1 338 390
12180,2 185 399
7640,1 936 420
1207,2 839 417
11905,1 299 638
2631,1 105 407
1109,1 819 455
3274,1 991 646
10133,2 111 285
12475,3 705 535
8365,4 387 388
12929,912 895
2156,4 413 771
728,2 474 830
723,1 227 879
10673,2 101 711
1405,2 299 548
288,3 403 041
9366,4 756 054
3168,3 183 815
509,4 781 705
10112,2 303 657
221,2 679 891
2575,1 796 204
189,2 913 792
11173,1 938 594
8778,1 950 715
7078,2 277 354
308,1 013 151
4663,2 571 487
9209,2 593 356
9085,1 738 973
6557,1 889 879
2535,3 519 010
329,2 280 537
4631,1 823 016
1687,2 051 427
4026,789 455
649,2 170 649
10457,1 690 498
7773,2 753 287
1639,1 555 020
8278,3 054 144
3498,2 909 307
921,1 397 596
11901,1 641 415
866,2 491 096
6398,4 778 974
543,2 969 694
2867,812 393
8877,1 272 028
12316,1 181 884
1004,1 961 174
12332,2 401 383
5672,4 704 505
12417,1 559 828
9802,1 738 256
3471,4 085 182
752,1 856 568
760,1 723 756
1666,2 285 871
1950,1 238 876
1939,1 301 108
218,4 812 472
3506,2 038 506
3687,1 736 719
1023,1 586 670
7932,4 236 326
3755,1 739 612
295,1 204 387
510,1 369 201
6913,1 264 874
2142,1 809 437
1986,3 301 977
5659,1 206 108
10829,3 547 239
9539,1 557 347
3543,897 981
10168,3 790 340
8139,2 575 284
9235,2 953 118
9062,3 132 449
3234,1 433 582
832,2 142 969
3350,2 107 707
11152,1 482 575
537,1 701 071
1902,952 441
3099,2 426 239
1714,3 287 613
11668,3 555 710
404,3 614 741
4903,2 303 679
2753,3 425 935
7682,2 882 774
523,1 744 275
3693,3 034 526
1703,1 789 483
6291,4 227 190
2747,3 341 655
5277,3 304 682
8941,3 923 438
2850,1 153 796
2816,1 010 265
8250,1 634 487
5327,2 317 016
7141,2 356 732
913,3 316 834
188,3 941 295
7922,2 844 268
2037,2 897 334
8646,1 556 706
3022,2 158 883
8704,2 867 820
1274,2 955 470
10169,4 073 865
3025,1 785 912
4271,3 675 102
4257,1 313 591
5926,2 200 964
2937,1 492 283
797,4 343 400
1715,2 671 260
1052,1 465 433
2919,2 299 575
261,1 636 599
1682,1 944 199
9018,941 836
11204,1 384 809
940,1 769 635
6518,1 443 555
78,1 853 195
3860,1 867 285
12489,2 097 827
5354,3 109 910
3770,3 695 398
3487,2 118 487
3659,1 560 927
6944,4 551 902
2744,1 432 172
5679,1 222 087
1747,2 914 147
11683,2 093 617
226,1 960 591
2877,3 209 104
7914,2 133 782
11106,2 371 919
334,3 179 655
8237,2 702 042
768,1 199 759
1033,2 375 583
10681,1 446 216
2952,2 166 633
1380,1 577 582
875,2 228 040
1916,1 252 223
1528,1 361 043
3354,936 502
983,1 063 399
12884,1 520 414
117,2 340 786
4709,2 878 715
4520,1 492 194
10422,1 215 687
748,3 684 880
11611,3 062 149
1153,1 812 483
813,3 795 000
4700,2 448 348
2118,1 676 149
3692,2 595 591
3693,1 278 847
2903,3 450 347
987,1 429 560
8271,966 759
3659,1 410 621
2432,2 234 357
1280,1 173 667
3278,2 447 176
9459,1 764 931
812,2 316 539
3640,3 083 830
5661,2 024 455
11974,2 140 468
2292,2 177 295
1613,2 252 366
8315,3 027 572
5341,2 176 314
2574,3 114 333
8783,2 579 600
4863,2 542 873
8073,4 688 753
2838,2 657 768
574,3 027 599
1868,3 725 813
1576,2 401 235
3946,2 067 126
1615,970 828
2332,1 375 647
1178,4 549 192
38,1 909 849
10246,1 664 394
9530,2 246 289
392,1 642 790
1053,1 719 687
8410,1 502 861
6095,1 521 938
3584,1 566 197
2995,1 966 069
9081,1 672 186
11276,2 269 787
4139,5 241 261
1620,1 816 419
5841,1 745 754
9165,2 513 897
6058,1 595 727
783,2 482 475
6325,2 465 740
11330,3 654 171
12732,1 407 292
1778,4 471 300
1484,1 797 680
5373,2 429 046
3440,811 841
12501,1 870 380
1054,724 143
2687,1 453 931
1904,1 878 304
1497,2 973 887
591,1 477 063
639,1 402 270
567,3 328 946
10613,3 026 182
1273,2 107 161
8616,4 102 120
3722,1 103 068
2890,1 036 908
11636,2 964 137
6238,1 874 887
2677,2 902 238
3428,4 151 040
9376,2 640 390
2522,2 883 704
54,1 101 793
12447,2 604 958
2792,1 278 879
361,4 419 096
2803,3 913 065
7902,2 057 423
7462,4 494 638
1577,2 649 443
2035,1 226 321
3293,3 860 625
2586,3 273 092
4153,1 238 494
2075,1 947 486
7579,4 768 759
12139,1 747 824
4255,1 915 183
1021,1 935 416
8549,2 315 663
2694,1 285 675
1026,1 333 411
12153,2 701 316
1334,1 965 851
12057,1 617 286
1736,2 972 748
6656,4 270 118
2944,1 006 134
9586,1 424 059
8238,1 656 746
8769,1 561 289
1596,2 204 023
2099,1 454 136
945,2 021 877
3604,2 013 332
4420,1 563 544
5477,2 540 278
1349,1 245 856
12615,3 482 310
12561,2 266 995
970,1 065 207
5352,3 703 242
10750,1 889 940
2180,1 083 513
3178,2 677 464
2088,1 841 653
2,3 242 671
10324,2 761 953
155,1 104 492
5724,2 789 340
758,1 797 926
7228,2 110 945
4889,3 336 313
11017,2 307 978
8304,3 321 770
9480,2 220 918
2736,1 987 573
5121,1 561 503
5622,2 302 008
760,2 193 996
8687,3 793 065
3867,3 740 542
2411,2 398 769
4086,2 398 941
12400,1 719 902
6797,1 279 163
1034,1 803 471
1783,3 031 881
2753,1 933 962
1920,2 285 630
10888,1 395 850
12513,2 443 977
5594,1 915 154
5812,1 149 866
5147,1 808 075
6057,2 305 083
6220,2 212 134
7145,2 845 863
6356,2 576 982
7028,1 641 169
3140,536 502
9098,2 714 430
255,1 769 281
280,997 982
2385,2 683 990
2943,3 982 087
5517,1 905 975
1024,1 596 305
103,2 523 627
7912,1 972 395
2161,3 455 364
8001,2 570 036
1260,998 815
3938,1 363 559
3880,2 672 101
1691,1 451 116
2982,3 355 774
426,1 907 504
1168,1 713 188
966,3 621 936
883,1 975 439
12364,1 406 612
4765,1 096 066
2079,2 247 213
7711,1 976 402
1775,1 462 453
12559,3 989 738
2769,998 905
2980,1 180 236
795,2 339 306
2822,1 695 533
6553,1 613 788
691,2 994 982
760,2 581 010
963,1 456 471
1964,2 458 413
12886,4 626 530
9857,1 610 114
3880,1 244 733
12901,1 981 441
2717,1 919 679
10475,1 478 917
812,3 557 452
2926,1 334 313
10280,3 396 732
4843,2 507 785
1447,1 565 739
12175,1 904 690
708,1 932 297
2112,3 760 629
7628,2 252 019
6669,2 446 520
3299,2 587 930
3524,1 640 279
210,4 013 166
4604,4 453 467
1734,2 161 279
1047,2 505 804
5435,3 890 427
4340,2 640 203
9920,4 074 942
4132,1 480 245
3627,2 874 377
12031,2 912 135
331,1 565 957
5684,4 093 084
7512,2 295 601
1890,1 107 278
12741,2 968 374
5317,4 130 524
10892,1 224 905
403,2 444 191
9796,1 546 493
3682,792 358
3056,2 579 500
527,1 637 612
8068,1 600 315
11102,1 484 822
2489,3 465 299
11036,2 762 794
3443,2 070 807
1341,1 214 612
4924,2 167 374
1459,1 203 089
7003,2 053 673
618,2 235 998
11087,1 579 489
11465,2 204 090
5074,1 941 478
1049,3 092 547
3275,1 909 378
12431,2 112 380
3135,2 021 227
11764,4 370 049
1115,5 116 527
853,1 967 920
12846,3 336 721
1392,2 900 150
6219,2 224 070
1641,1 229 175
11296,1 862 537
1410,1 439 852
3080,838 804
1540,1 521 004
5919,1 826 300
11965,2 683 910
11035,2 219 262
2132,1 851 680
10426,2 987 052
8958,879 444
3336,2 178 206
2343,4 900 934
5038,4 015 774
12628,2 838 290
6753,2 612 794
3879,2 978 118
6410,3 202 517
12582,2 716 838
4774,2 270 724
5109,2 955 273
1493,894 313
4796,1 649 241
441,1 915 421
3568,2 050 821
4618,1 385 548
394,3 010 663
9342,1 491 343
1552,4 203 110
570,1 436 966
3890,1 324 080
826,945 527
11067,2 558 510
584,1 260 353
12019,2 593 723
9281,1 622 330
11258,1 656 409
1487,1 526 984
528,2 045 199
11928,2 270 342
6077,2 109 683
2550,1 442 478
3568,2 431 359
3338,1 255 957
66,1 647 458
15,1 824 152
11762,2 805 646
3575,2 079 492
3633,1 144 319
5617,2 980 013
2648,1 802 487
9896,959 794
12666,2 164 632
9847,2 698 665
1837,1 011 825
2471,3 137 879
1324,2 168 581
6309,2 396 678
3174,4 280 870
595,1 073 787
2108,898 169
743,2 749 511
8693,2 673 435
685,2 629 628
1236,1 244 503
1552,2 740 024
12822,3 356 718
2705,1 228 309
6990,1 595 303
6901,3 035 387
9925,3 613 353
9067,4 262 030
1383,1 320 811
6915,1 948 755
8686,3 402 835
2396,1 172 628
11469,1 458 471
496,1 490 333
2446,1 935 191
7705,2 620 631
11563,4 019 041
11295,1 751 666
1498,1 414 492
1346,2 108 034
9337,1 837 815
1703,2 211 527
4957,2 345 702
10026,2 036 166
1828,895 609
3384,1 296 166
6888,2 375 809
2527,1 232 678
1904,2 460 221
3311,2 134 624
3356,3 067 318
11689,3 497 775
5524,1 647 744
7838,2 548 278
9162,3 010 001
12446,2 419 129
8503,2 696 303
11088,1 882 303
2584,1 572 204
2642,1 859 999
3579,1 644 976
5110,1 813 970
3301,3 371 081
275,1 165 238
1466,2 032 957
12696,3 315 706
6265,1 104 411
9401,3 205 142
835,3 043 390
9862,2 767 259
9614,2 787 818
12949,2 169 912
7498,3 306 561
11752,2 840 462
878,2 126 951
8568,2 185 712
1360,3 267 605
2613,902 225
552,1 586 804
1977,4 270 893
12244,3 017 683
451,1 509 717
1821,1 452 625
477,1 897 292
9419,1 567 606
8360,2 269 043
5421,2 899 608
2276,3 208 521
601,1 350 279
6297,4 067 252
2735,2 964 583
1721,1 653 371
877,823 417
3046,3 828 792
8706,943 671
6376,1 353 559
6634,2 910 996
699,2 417 993
480,2 561 646
1170,1 207 763
2977,2 913 062
7983,2 594 441
791,2 046 282
10277,1 279 588
6076,2 604 879
2609,2 382 931
287,3 175 593
31,2 704 087
10323,3 121 345
626,1 001 977
191,1 890 093
6591,3 137 465
3522,2 027 598
710,1 808 944
5243,1 876 930
510,1 418 288
661,751 791
7100,1 123 030
747,2 178 104
6132,2 442 571
10174,2 616 118
5257,2 968 782
9163,2 093 359
12967,2 977 754
12860,2 289 558
2369,1 543 604
1329,2 601 058
11608,1 250 385
657,4 556 067
3482,912 247
3045,1 548 230
920,2 165 351
3355,5 251 588
9723,4 422 533
4517,3 955 278
1674,1 764 435
11446,1 445 937
12117,5 105 098
380,1 509 740
80,599 660
3058,1 740 003
2056,2 132 435
8551,2 484 653
3248,3 353 433
5120,2 695 085
3279,2 707 637
3714,649 337
10336,3 148 425
2503,1 203 303
5104,2 684 422
5342,1 405 195
3308,1 704 544
1479,640 505
2149,3 636 485
599,2 744 970
2430,1 594 377
4502,3 216 201
4299,2 633 551
1129,1 657 959
12330,2 449 548
6352,2 677 670
9633,4 500 498
3881,2 393 173
3032,4 012 114
1326,3 126 936
4518,4 586 692
8516,3 223 813
4585,1 477 626
6245,3 931 638
6204,2 652 881
7320,2 304 136
8613,2 045 197
2566,1 545 332
993,1 633 608
10355,1 923 381
7234,3 378 982
1546,4 292 072
5214,3 766 016
3049,1 902 621
3758,1 709 119
1193,1 927 429
9242,2 078 882
2592,1 345 023
2932,1 508 406
1046,967 262
786,953 392
2990,1 730 064
11112,3 208 890
2393,1 550 776
2806,2 817 172
7345,1 956 548
3562,2 007 541
3367,1 930 296
8136,2 186 975
9117,1 990 667
1478,1 441 608
1336,687 751
3187,3 358 741
424,2 387 093
4183,2 485 252
5975,2 380 267
1407,1 882 713
8039,2 004 654
3717,1 057 253
9326,998 511
4955,843 452
10098,2 887 094
1374,1 380 161
3351,4 263 820
9321,1 665 732
9929,2 181 546
1371,2 825 275
2427,1 097 510
7278,2 519 803
3036,1 368 897
3882,1 836 833
8254,1 672 426
12309,2 041 722
2721,1 288 028
2045,1 881 104
1143,4 061 815
310,2 015 368
6489,948 559
1723,3 479 897
8931,2 337 471
980,2 002 018
6263,1 787 900
1588,2 648 363
3975,2 354 726
10307,3 852 370
5252,4 735 334
2771,1 149 128
3554,1 775 214
2472,1 964 654
5625,1 628 270
3316,3 225 042
11478,4 746 881
7585,3 012 814
4064,1 774 216
5247,1 753 127
1631,3 135 585
2512,1 468 153
1445,2 522 628
864,1 804 159
72,2 757 079
3418,2 103 525
10580,2 698 681
2133,1 278 152
5448,2 724 961
11708,2 520 914
890,3 510 088
11996,2 943 319
7069,2 543 582
2765,2 593 278
10402,1 593 964
4834,2 080 300
118,1 251 003
9329,1 807 799
2875,1 679 156
965,2 337 596
962,1 549 573
6617,2 747 047
6117,2 242 782
8654,1 848 111
4757,3 178 275
10763,2 620 380
7938,1 253 239
3271,1 038 948
403,3 105 628
10042,3 245 719
12907,1 588 812
6997,4 789 604
3164,1 688 886
8016,1 981 968
9122,3 600 051
3170,1 924 379
6842,2 455 182
3102,2 411 549
1933,1 896 537
10857,2 703 004
4106,4 422 985
329,3 424 822
11931,1 875 558
797,1 731 191
11419,3 695 398
12280,1 174 876
9664,3 221 563
413,4 096 822
2787,700 396
52,1 449 820
8794,2 519 198
4577,4 442 630
993,2 184 111
2835,1 568 517
590,1 837 317
2941,2 736 928
3033,1 475 020
5485,1 266 729
1863,2 338 581
59,1 738 556
2780,1 147 508
5768,3 760 469
5494,3 338 671
10605,2 237 518
2021,1 373 772
6279,1 808 944
385,3 385 215
2475,6 596 964
517,1 539 700
7929,1 816 293
8463,895 097
10636,6 035 118
6758,1 877 934
4886,4 658 666
190,2 881 512
3582,2 843 013
2365,1 930 550
851,1 875 512
11003,2 290 564
2973,1 634 592
3945,939 102
1463,3 627 663
12874,3 101 257
10268,1 077 876
1524,1 475 727
1934,1 989 980
2083,2 600 281
1443,2 019 144
1755,1 732 597
1375,1 345 158
78,3 975 429
1263,2 168 581
3674,1 546 707
2864,2 925 759
26,1 273 175
1541,1 491 027
7562,2 308 154
2010,1 660 486
324,2 469 307
8655,2 470 504
4235,2 373 931
111,1 480 213
771,1 890 845
1504,1 253 764
5525,3 293 702
3972,2 391 868
2435,748 692
304,2 167 679
685,2 256 193
2067,2 251 465
10461,2 336 478
525,877 676
2276,3 577 147
4902,3 250 206
10611,5 115 443
2695,2 098 951
6585,1 255 258
538,1 347 133
3526,2 273 010
7969,1 820 414
10261,2 595 767
8478,2 045 973
9408,2 644 876
2264,1 500 270
10631,2 140 436
3590,1 954 135
10798,1 722 999
2299,1 592 967
4733,1 704 624
2877,1 415 529
1843,1 854 087
931,2 066 268
9838,1 476 737
12702,1 647 335
1289,3 682 104
9252,5 033 681
11034,3 130 470
1816,1 040 073
8344,1 844 019
6253,4 765 859
7194,1 901 905
1910,2 161 279
4300,1 408 588
1593,1 761 833
2908,1 209 447
1482,2 148 117
1440,1 290 329
7517,2 055 615
11645,3 075 812
6375,2 026 739
3971,2 611 847
9552,2 638 799
11189,4 808 131
8265,2 878 648
5624,2 270 475
3584,2 656 162
7769,2 409 786
972,2 147 117
5787,2 317 303
3380,1 604 945
213,2 696 303
7394,3 347 289
2745,3 218 319
3562,2 352 863
11332,2 753 687
12505,3 065 590
4177,1 893 447
2660,1 927 090
10823,1 327 855
2750,3 186 319
631,1 614 637
2038,2 225 513
84,2 324 077
6626,2 742 673
12242,2 473 449
1322,1 753 661
6866,3 008 246
10834,2 174 407
8283,2 659 871
6026,2 232 574
59,2 604 974
11995,1 491 071
3330,1 380 121
2316,2 963 550
6566,3 760 415
497,2 244 991
3647,1 480 023
2909,1 204 033
2794,1 023 271
3037,1 188 228
2390,2 103 572
10497,2 304 726
11166,3 243 508
2627,1 932 949
3784,2 440 698
508,3 195 168
6943,2 233 559
12914,1 896 510
1554,4 563 560
77,2 702 125
867,1 860 697
1817,2 812 461
2572,1 159 004
10890,2 178 070
10986,3 065 348
1975,1 760 263
11756,2 249 210
1157,2 734 366
1631,1 552 990
428,2 373 459
11145,3 580 434
496,1 836 028
5102,2 482 839
7819,4 246 285
2518,1 925 708
2475,2 525 000
7424,1 214 158
3219,1 657 393
2222,2 013 267
4727,5 562 804
2279,1 043 550
11770,4 406 176
2665,911 775
12410,2 920 666
12,1 756 292
1217,1 431 388
5702,2 763 918
3500,2 854 063
6763,3 245 292
5933,2 433 440
12971,2 733 007
8268,1 547 375
943,2 639 767
508,2 804 217
3705,2 309 334
3647,2 339 084
8183,2 912 638
3760,2 059 542
4907,2 554 326
7350,4 174 173
4154,2 898 775
216,1 665 851
3480,4 120 038
1729,1 258 884
1306,1 792 446
1591,1 859 435
10243,1 694 335
3626,2 198 838
2348,1 922 849
5248,3 709 956
9231,2 408 550
614,2 387 811
7436,2 382 634
1228,1 504 617
7966,1 655 817
2245,2 022 783
2382,3 119 099
7891,2 257 301
1075,1 588 539
1473,1 886 702
49,1 778 279
1027,2 054 983
3848,2 951 174
2252,2 604 589
596,2 111 291
4973,1 429 785
1786,806 838
1264,1 767 193
596,903 279
1888,1 616 440
7369,1 853 966
2235,1 167 940
2520,1 086 041
358,1 364 343
3430,1 063 399
10161,3 395 993
10652,4 276 705
11698,3 705 104
730,2 193 177
1157,1 343 237
22,1 386 332
10409,1 891 032
1850,4 811 954
1410,2 390 126
2288,889 959
1159,1 172 103
8056,2 073 874
10799,1 738 774
7745,1 455 367
1536,1 317 027
2975,1 361 271
12420,3 456 439
2215,1 191 572
9125,2 051 858
12464,4 927 503
12870,2 684 443
11231,2 204 548
3464,1 620 946
5965,1 502 714
2824,799 492
7299,2 817 985
8902,1 961 675
5799,2 462 172
5943,1 879 247
10120,2 658 366
268,1 783 285
5571,2 264 547
1008,2 615 894
9708,634 023
11214,1 212 345
12033,3 043 448
1701,1 540 433
5709,1 384 728
3434,3 333 820
7099,1 989 614
4223,4 069 617
73,1 793 864
6880,1 084 791
6741,2 059 028
4529,2 033 379
1776,1 421 633
2483,3 969 940
174,2 040 367
8584,3 817 655
934,1 242 767
668,3 247 392
11819,2 261 170
1461,2 530 931
400,1 965 112
276,1 509 391
1333,2 625 266
1694,5 235 963
10603,1 653 676
4006,4 534 710
11172,3 655 923
10717,2 972 371
4493,1 248 455
8349,3 330 515
10707,4 035 905
2163,1 509 931
2160,2 683 446
5138,2 461 674
761,831 596
707,2 088 270
2703,2 930 836
11801,1 377 354
3283,1 311 632
1628,2 464 827
9866,2 816 922
3329,1 844 135
10053,2 742 081
1000,2 662 459
533,2 923 564
6928,1 789 483
1391,2 730 911
616,1 442 420
141,1 850 729
9885,3 368 464
9244,1 724 677
8566,2 626 584
2902,1 092 212
1532,2 308 154
2870,2 130 953
858,2 688 687
7574,2 925 976
4550,1 889 940
2909,2 842 750
631,4 365 657
12053,1 342 832
8243,2 193 462
6795,3 147 744
287,2 100 806
7337,2 353 800
9494,2 091 193
7104,2 221 822
11251,1 550 047
4030,1 451 906
15,1 258 830
498,2 506 534
11199,2 329 671
3400,1 643 309
3921,1 913 680
6328,3 198 682
2762,2 745 865
3194,1 639 118
11161,3 745 111
183,1 907 810
2034,1 433 921
829,889 977
11976,2 725 687
5054,4 262 950
2995,2 557 004
12743,1 990 911
6685,2 873 807
1872,1 678 902
4088,4 065 788
4978,2 778 726
6437,2 100 585
1489,2 532 751
2308,2 998 927
12616,2 401 601
2933,2 608 925
2614,1 105 702
694,1 780 785
108,1 153 981
3616,1 411 135
2942,1 636 195
1843,2 481 573
1798,843 924
6772,2 051 502
9544,2 753 108
12663,3 163 391
7886,1 386 695
4083,3 012 814
1516,1 556 920
9130,2 751 927
1139,1 686 618
11504,6 717 270
1950,1 561 636
8293,2 246 505
1663,3 817 887
10818,2 483 191
2580,1 878 292
3210,982 903
10800,2 183 983
10353,1 832 117
2092,1 035 345
359,758 647
5025,3 026 540
6851,2 478 425
10060,1 304 178
3940,1 683 732
161,2 268 189
648,2 945 233
1715,1 654 600
6021,1 821 710
1701,1 399 624
3953,2 751 806
2542,1 683 526
509,1 775 393
821,3 124 585
4283,2 310 222
348,1 528 841
12348,1 548 527
11674,2 200 413
2511,2 019 417
3664,1 596 519
959,1 500 939
8767,1 487 881
1002,799 340
773,2 211 304
1431,1 421 413
9166,1 340 759
2252,2 047 546
7631,3 306 122
3242,1 502 284
137,2 107 462
6920,2 000 396
5510,3 384 216
2509,1 247 726
6881,2 854 129
8247,3 052 054
10932,3 945 483
8524,2 005 590
6304,3 235 265
742,2 268 429
1317,1 698 997
3235,1 305 158
10181,2 272 686
3535,2 060 943
1693,1 811 745
2254,1 686 391
11696,2 794 999
7399,1 571 856
7770,3 298 374
5263,2 712 421
483,1 004 238
4378,2 940 574
7255,2 290 815
3260,2 990 793
7518,1 922 709
3093,1 833 016
5493,1 178 511
958,941 164
2476,2 699 064
11851,1 384 595
5834,1 712 974
1130,1 835 089
7459,1 353 259
10248,2 175 919
2466,2 303 134
10257,5 854 884
9364,3 264 276
3089,5 582 112
1566,869 158
9518,1 540 412
12035,1 403 551
2490,1 844 702
2983,1 324 293
2356,2 190 537
2545,1 159 129
3312,1 936 393
1117,1 266 943
23,2 110 752
1087,1 213 311
6386,1 116 076
7470,1 709 219
1757,2 792 654
9056,1 271 902
8483,1 815 289
2391,4 080 134
35,2 200 365
5355,3 940 683
9759,1 965 849
1304,2 681 915
3886,1 258 696
6818,2 344 376
2124,2 071 865
249,3 695 158
12953,2 413 319
630,1 985 045
10522,1 312 711
10338,2 275 593
3718,2 804 765
9797,1 991 730
2718,1 692 149
11744,2 736 982
11749,1 862 923
1809,1 029 023
3990,1 560 143
1349,1 398 860
3082,3 213 888
514,773 625
2856,1 690 938
2166,2 107 707
4314,2 300 937
11408,3 780 576
2827,1 783 651
176,1 813 525
3062,2 287 354
7695,3 433 022
4571,2 625 395
11785,2 935 510
6579,2 540 846
2193,1 953 569
1756,1 576 776
11942,1 358 363
3891,4 081 096
8310,1 812 436
465,2 446 563
7066,1 694 447
10359,1 355 231
4403,3 310 454
10310,3 110 079
4643,4 369 398
3399,2 590 291
332,1 646 101
3319,1 428 283
2192,2 011 936
187,1 901 117
12995,2 347 986
4349,2 410 086
1218,1 851 263
10943,1 685 819
12675,2 588 246
384,1 801 564
2886,1 605 109
2544,1 653 039
609,3 766 615
2977,2 332 894
182,1 389 916
1150,2 244 058
472,2 685 531
12752,3 341 387
2807,1 309 757
2756,3 269 263
2456,3 943 319
3021,2 381 202
5145,4 222 014
1850,1 219 126
1598,4 940 844
9697,2 540 650
36,2 134 571
12179,1 350 031
3828,1 693 972
5180,3 016 341
3722,5 306 702
1261,2 306 347
2962,1 243 969
1151,866 358
8080,1 603 907
1877,2 567 727
6478,1 820 218
3381,3 543 621
2965,1 647 504
10735,3 034 191
1070,2 431 127
3662,2 271 879
1344,859 756
7354,2 805 690
461,3 385 215
703,1 886 051
7977,2 712 285
1266,1 684 543
4658,2 549 925
3878,3 006 457
1514,780 436
3355,1 210 231
229,1 886 776
5023,1 364 343
2168,802 270
3124,2 410 495
9118,3 822 110
7051,2 515 973
246,899 665
2980,2 552 815
1651,1 613 366
6082,2 425 614
3089,2 435 895
7758,2 792 073
3777,3 759 273
7962,1 862 387
303,1 864 526
1689,2 129 006
1027,1 519 165
2646,968 567
2162,2 777 192
11461,652 535
2844,1 161 836
12933,3 110 183
1837,1 437 547
5775,3 512 654
11861,1 620 519
5386,2 717 972
7916,4 075 968
1895,2 067 974
961,2 051 427
528,1 831 478
8142,2 047 909
534,1 012 144
1053,3 884 511
12866,1 967 115
4320,2 574 273
8286,1 647 174
2664,1 204 033
1131,1 089 639
4134,2 734 754
4739,2 432 659
4970,2 203 212
11447,1 928 533
94,4 251 491
791,1 547 411
11671,3 860 865
11048,1 822 852
857,1 334 606
7945,3 803 817
12958,2 813 744
8436,1 753 910
6740,2 474 385
9078,1 624 950
274,2 370 297
12499,2 475 976
2948,3 281 588
1841,2 601 478
8889,864 716
11591,1 327 830
1433,2 364 380
3028,2 229 818
8961,3 224 127
12487,1 934 762
7691,2 096 650
5612,2 144 127
11045,4 439 911
12317,3 244 335
4013,2 140 756
300,1 687 882
2035,2 508 265
3373,2 947 905
6713,1 446 002
1875,1 399 410
1121,832 081
12909,2 130 169
9291,1 967 527
7949,2 797 382
2513,2 186 323
3785,583 215
5967,1 663 311
2138,2 511 854
1035,2 152 490
8054,3 623 359
1973,3 886 920
457,2 206 674
10658,4 373 775
2813,787 988
1926,1 473 379
10958,2 063 681
8219,3 287 613
2724,4 020 317
1067,3 861 313
7002,2 533 065
1414,1 180 241
10357,2 069 422
3774,3 981 813
2617,2 172 775
3817,1 469 761
289,2 875 566
11459,2 525 979
2956,1 717 901
722,1 902 084
6914,1 476 204
458,1 277 623
2968,2 694 054
3987,2 029 898
1602,2 034 526
214,1 111 846
756,1 253 977
12279,2 696 399
2355,1 389 644
11701,1 330 437
658,1 330 464
6831,1 535 414
8177,1 440 644
3347,2 503 564
6999,4 946 356
623,2 200 012
1179,2 350 581
12118,4 079 475
5238,3 063 182
4862,1 444 143
1117,1 232 825
456,2 569 260
3514,1 798 252
12209,3 820 742
2190,1 246 935
2322,2 954 261
4759,3 014 438
4077,1 323 679
1485,1 437 300
4107,1 882 723
7975,4 361 806
6255,3 331 022
298,2 599 022
3812,2 585 133
12304,1 855 242
2901,1 371 252
192,4 620 225
8375,2 803 702
2885,2 094 913
5549,3 243 219
10196,3 414 652
633,2 683 446
5360,2 983 772
984,4 375 356
1099,2 236 998
8811,2 787 931
192,1 016 614
603,2 682 810
6803,2 523 151
9065,2 596 536
1043,1 445 424
1371,906 076
5628,1 579 895
3644,2 543 088
6073,1 780 153
3793,2 461 465
7919,2 735 724
2121,1 436 335
1248,2 375 449
922,1 736 637
8195,1 029 023
4539,2 237 518
7801,2 385 544
1789,3 014 747
924,1 199 609
6817,2 495 617
12305,2 277 805
6653,1 797 968
10592,3 018 377
5511,2 876 907
2558,2 557 354
2657,1 583 160
314,4 147 086
2661,2 528 719
9527,2 274 275
3420,1 539 220
1622,1 576 921
9070,1 466 364
2407,1 466 901
3772,4 402 318
1858,1 933 155
5639,2 789 543
10954,4 227 441
2481,1 046 703
5231,1 806 852
12798,3 035 937
3892,4 065 574
8873,2 724 603
1249,1 662 068
344,2 154 390
10811,2 213 115
9540,1 279 828
253,1 966 239
8123,849 647
9578,2 059 355
2594,5 029 080
285,2 450 933
9157,3 972 650
2099,3 402 835
12714,2 347 742
919,2 476 156
4275,3 215 476
2984,1 500 196
9547,3 175 022
799,1 550 776
7065,3 118 598
1685,1 560 739
1699,1 715 822
4161,1 761 131
221,2 991 187
7243,2 867 446
1668,2 740 317
11679,3 423 726
964,3 207 815
11977,3 373 488
12718,4 775 740
2480,2 113 225
7697,2 685 636
2954,2 700 179
3934,1 664 840
1291,1 793 646
2055,576 081
1386,4 015 475
1146,1 357 980
7005,2 845 826
284,1 183 670
12255,3 695 405
998,2 392 409
10518,1 379 583
1359,1 082 783
990,1 291 484
163,1 472 773
3363,1 702 701
10,1 377 628
464,2 458 264
10299,572 315
950,946 581
10419,2 522 682
9182,3 305 636
2432,1 788 499
12786,4 589 944
10055,2 004 110
4189,2 925 285
6811,2 107 493
856,1 615 449
3944,1 223 823
2049,1 627 497
1599,2 613 364
3510,1 023 087
2932,1 518 980
1973,4 280 136
10079,1 156 375
1312,1 025 597
2155,785 031
10804,1 611 518
1443,2 653 271
9465,1 948 893
3143,1 261 889
3163,1 074 903
5769,3 801 698
12764,2 582 425
10167,4 758 038
3875,1 316 255
259,1 503 814
4896,2 685 289
3137,1 587 336
521,991 852
7036,3 422 256
11881,5 037 198
4405,1 690 431
8708,1 643 327
2921,843 439
2189,1 972 016
1399,891 367
2662,1 443 888
7405,4 164 724
4850,2 206 318
8929,5 482 300
2976,3 080 653
2619,1 227 718
1186,964 534
12450,2 153 477
7516,1 430 638
4866,4 778 966
817,2 142 071
2819,2 262 524
6627,2 023 315
3423,1 594 874
302,1 445 677
598,2 364 212
2486,2 092 095
4277,2 778 947
2434,1 329 300
10911,2 942 235
76,2 700 881
10213,2 000 631
3504,2 100 260
2379,2 363 141
3299,2 053 675
11604,3 728 288
11895,2 002 394
2353,3 447 018
5187,3 265 702
148,1 204 817
2567,2 907 079
8667,2 108 966
1866,2 235 709
8858,2 386 543
2263,3 680 918
1788,2 286 199
1433,2 449 279
7070,1 793 997
3760,1 199 207
332,2 449 978
923,1 111 428
1456,3 244 473
6725,3 329 694
9702,2 438 405
4543,2 630 422
3147,2 590 228
1827,928 577
174,1 827 829
5391,3 473 265
9031,3 441 838
2901,2 990 336
1790,1 660 005
6513,2 278 422
7148,2 323 505
4646,2 340 940
3578,895 481
1080,1 376 359
5894,2 459 394
6331,1 630 516
1636,2 049 053
1040,4 119 105
3826,1 903 652
8879,3 165 812
2688,3 557 452
2514,1 167 496
89,2 326 871
1535,3 180 932
7341,2 800 095
2041,641 271
362,666 604
8426,3 759 497
3456,1 803 285
1797,1 976 009
4962,1 706 370
3040,4 641 524
3183,1 504 346
1661,2 886 987
10124,2 260 916
10435,2 133 580
3721,1 912 423
1995,1 220 523
9816,3 565 163
2383,719 041
12272,2 053 516
1820,2 452 512
1699,1 603 999
1023,1 804 876
1890,1 912 242
3822,1 326 395
2957,1 775 327
4429,1 521 300
4022,2 992 778
3702,5 524 394
6401,1 883 639
932,2 202 680
4351,2 651 909
147,1 562 671
726,1 070 807
5460,2 476 993
8732,3 220 681
4292,2 871 572
9867,2 200 711
11816,2 554 938
2874,815 555
3897,2 082 647
414,3 158 575
1991,2 511 120
2372,1 401 964
755,3 027 572
12246,1 591 370
6781,2 144 782
9694,3 356 739
3911,1 291 197
1725,2 679 898
3912,756 190
1087,1 326 395
9496,1 808 705
1226,1 077 849
5383,3 247 071
9834,3 431 233
418,2 517 136
9621,1 697 962
879,5 645 128
3317,5 954 696
1612,1 277 044
3709,3 059 870
4505,2 550 641
11043,2 892 052
830,2 677 012
10141,2 368 403
1060,1 518 213
11130,2 225 443
2802,2 942 905
4999,2 615 487
2946,1 258 100
1194,1 297 230
11177,3 378 490
4990,4 247 975
7302,2 132 676
5996,2 728 813
5143,2 553 451
2502,1 106 998
1884,3 434 367
11305,2 446 427
1430,1 779 403
4439,1 716 712
10768,5 030 430
10560,2 042 807
539,1 675 758
9739,2 583 576
7493,1 305 151
2613,4 641 067
7420,2 523 924
5294,1 954 367
477,2 499 296
3181,1 368 085
5218,3 020 534
18,1 369 647
1960,2 109 472
7240,2 612 790
2826,2 587 739
1761,1 655 855
6276,2 610 741
2485,2 428 287
1509,2 713 436
10473,3 041 424
1365,5 195 733
3694,1 357 203
3973,1 586 197
2359,1 864 983
6690,4 111 878
7170,2 291 750
2441,1 930 296
2914,3 423 520
2739,1 118 623
115,1 421 940
2265,1 559 263
3253,3 014 803
990,4 653 454
2723,1 708 679
2112,1 965 662
1563,1 571 671
12122,6 075 216
2027,2 715 094
1476,1 784 880
4738,2 365 790
796,3 162 918
6205,1 915 301
6320,1 361 796
2199,1 371 783
2871,2 212 928
3218,1 370 979
646,2 563 148
2924,3 986 933
8782,2 741 470
5336,2 368 403
1604,3 223 372
3447,1 392 919
12206,2 214 968
2184,3 363 703
492,1 639 788
3186,3 987 930
1450,1 896 724
11566,1 312 497
10609,3 988 990
12270,1 492 801
8712,3 048 987
8619,1 707 414
647,1 384 831
11338,1 701 670
6654,1 900 102
11038,1 873 709
11813,1 470 807
12858,2 627 479
12503,1 775 726
2400,1 208 182
1312,1 319 532
6271,1 876 239
10172,4 858 760
2631,2 418 531
871,1 049 721
8482,1 442 059
675,1 622 878
189,2 120 112
6939,2 291 458
3941,1 531 500
2246,1 057 626
1567,1 429 392
9939,1 440 762
1406,2 196 077
2868,1 646 980
2621,1 365 737
8186,1 653 641
8608,2 708 809
8128,2 174 156
10328,1 116 940
504,3 110 406
312,2 111 852
1992,2 115 199
1514,4 609 406
12097,3 362 313
3166,764 551
48,3 091 695
7670,1 619 936
2488,1 028 814
2953,1 343 617
6266,1 494 064
4578,3 235 350
12227,1 508 890
7597,2 975 782
889,2 731 353
7352,3 213 494
10948,1 423 142
6754,2 263 706
3211,1 519 174
8817,2 357 769
434,1 025 711
3856,1 369 566
47,1 438 351
3263,1 250 059
865,3 768 335
4897,2 606 329
4160,2 453 500
11299,4 520 134
10969,2 502 209
2222,2 675 679
8510,1 267 111
2849,2 257 268
1517,1 562 939
2581,3 123 303
5455,1 465 759
2515,2 570 270
8354,1 639 788
3678,2 255 501
3533,1 719 325
7560,3 746 054
2931,1 915 421
3009,4 032 569
12164,2 108 392
11593,1 769 528
90,2 813 497
2829,2 118 939
7856,3 564 926
1893,1 964 055
1978,2 352 172
4263,1 895 698
211,2 018 787
9634,1 905 615
884,4 390 237
9846,2 820 148
2298,1 725 483
6445,1 899 950
1447,2 229 784
82,2 632 713
5296,4 080 455
11775,1 023 799
2771,919 646
1524,1 405 004
4181,2 034 459
681,1 994 884
1710,1 259 383
5179,943 671
5058,2 813 311
6416,1 719 119
111,1 385 335
3457,3 716 073
12425,2 154 414
1420,1 746 748
9955,2 639 032
428,1 593 420
12020,1 778 591
1886,2 333 707
8240,2 205 524
11949,2 580 916
2730,1 061 895
3412,3 618 865
12204,1 042 500
2358,1 809 164
1042,1 080 414
9737,3 028 970
6424,3 259 975
5516,2 630 999
2860,1 993 620
1814,3 253 119
620,1 159 913
10075,4 640 892
1960,2 926 374
8350,1 797 542
10630,2 169 573
895,1 059 276
7789,1 072 463
11556,2 110 250
3296,1 057 668
1567,3 815 925
1131,1 009 287
1136,1 264 122
1911,1 278 446
7792,2 014 051
534,2 257 301
3032,1 286 710
377,1 650 591
1372,1 793 646
2005,2 535 295
5501,2 335 131
289,2 120 814
9729,1 953 214
3790,4 245 586
3526,1 468 677
120,966 724
11435,2 970 813
5621,2 095 238
10815,1 940 509
2656,1 712 773
5413,2 171 153
3293,1 482 316
7211,1 671 615
3210,3 588 988
6303,2 606 401
8457,2 194 723
2335,1 844 233
2478,2 581 882
12183,1 774 973
3683,3 705 959
12734,2 140 188
1180,2 664 966
11953,1 654 778
6423,5 119 679
9000,1 931 095
8956,1 310 841
134,4 105 430
3376,1 781 564
4155,1 961 675
206,3 148 110
1767,1 584 020
11092,1 697 440
4788,1 181 372
778,1 724 279
2881,2 674 063
4654,2 803 351
10192,4 811 387
12613,2 103 062
7899,2 713 582
1831,1 586 252
1272,1 688 425
10052,2 823 789
9022,4 178 270
3519,1 934 937
7368,889 871
662,2 834 607
1187,2 173 485
312,2 338 585
8208,1 704 794
2176,1 355 607
2000,1 240 379
6729,1 740 687
12794,2 570 710
1199,1 020 238
793,1 846 773
4644,1 892 502
6850,912 950
1488,1 267 788
1377,1 250 020
3026,2 243 399
8585,2 045 229
1879,1 829 486
2681,1 891 351
9542,3 248 473
2734,2 972 454
3166,1 253 319
10719,2 424 254
1968,1 521 985
8085,3 344 907
5795,1 019 985
2140,2 094 719
11562,5 673 773
4913,1 508 442
4468,3 323 535
9427,2 241 436
4548,1 781 529
2494,1 315 916
3401,2 491 608
1684,3 097 126
1354,765 343
10021,1 929 677
9423,1 686 250
227,1 781 119
12177,1 486 042
2727,1 843 276
3824,1 317 982
5642,3 215 194
6477,4 198 422
5953,1 662 320
8791,3 564 219
7441,4 603 700
11602,1 211 174
1048,1 850 215
2050,2 760 079
603,1 164 622
3285,1 399 915
1389,1 298 293
1836,1 087 582
3994,1 079 303
8185,2 503 876
2632,2 002 567
3758,4 520 333
675,3 305 977
1232,1 445 610
6779,2 263 998
10030,3 450 466
7908,2 393 455
3558,1 621 738
3861,1 997 907
6965,1 747 610
10731,2 625 500
6774,3 304 464
67,2 557 159
9551,3 117 362
12496,2 870 000
1121,2 013 238
305,1 750 216
11044,1 417 984
1416,2 063 443
3877,2 988 633
693,755 548
9259,1 974 308
8780,1 604 535
8401,3 003 263
4584,990 534
1923,1 799 756
242,3 461 960
8491,4 348 393
60,3 579 960
1852,2 321 424
2939,1 372 932
3287,1 702 115
522,1 932 943
2971,1 632 094
12293,3 275 729
5282,2 555 799
32,1 294 929
8797,2 626 527
438,2 139 766
1449,1 004 538
718,3 554 175
2850,777 676
1896,1 595 653
3976,2 262 204
1968,3 022 953
12836,1 595 303
12750,2 530 054
1937,1 416 575
11526,3 254 801
3372,2 413 383
1793,1 911 864
1635,1 782 813
10451,2 943 441
8952,1 887 284
4838,2 671 230
1214,5 834 390
10316,1 711 418
8341,1 231 494
2537,2 164 532
9976,2 844 705
12124,2 085 187
5441,2 819 584
7825,2 417 755
3853,676 406
1829,2 644 835
2079,1 491 060
2087,1 913 231
9613,2 240 719
10345,2 854 729
3191,2 148 757
2384,2 992 445
10389,1 324 215
4753,1 877 193
1612,3 623 201
12945,1 246 164
6363,2 582 726
4169,1 910 547
12172,2 789 614
5583,2 202 315
12950,6 528 222
6448,2 419 916
2406,1 040 166
1539,1 851 280
2531,3 499 502
7730,4 649 203
8829,1 448 410
4813,2 304 452
2570,2 513 295
8838,2 064 714
9158,1 612 688
910,3 033 367
1128,3 109 152
3565,4 182 570
5234,2 804 963
379,1 175 926
1999,3 261 658
4780,2 504 753
2499,2 477 357
12320,3 729 122
2772,1 604 711
2325,1 470 000
3133,1 266 351
3909,3 390 847
894,2 233 732
3639,882 257
3576,3 365 207
1783,1 019 607
5099,1 471 782
943,1 241 376
7765,1 192 502
108,1 152 633
242,2 415 726
1321,2 285 807
9492,1 837 809
2024,1 472 806
419,2 338 019
3344,1 696 379
998,3 820 785
9475,3 352 188
2770,2 380 404
4070,2 169 355
7752,2 380 030
770,1 679 156
5409,2 357 729
9821,2 038 535
4051,2 376 908
859,1 520 813
12296,1 601 783
8114,2 241 937
11815,2 511 215
6438,1 565 440
2342,3 387 567
10375,4 174 387
911,4 105 467
11516,3 018 719
11829,2 372 177
3702,1 714 039
3309,1 228 663
1825,1 218 921
9818,969 471
9399,2 053 628
3391,2 628 265
860,1 312 092
376,2 384 669
8854,635 331
3800,725 764
1566,1 832 695
1994,3 913 286
2417,1 334 800
5350,2 069 166
2541,2 139 624
4820,2 953 380
5153,2 304 775
1628,2 511 836
11416,2 960 982
12539,1 753 510
8245,2 805 544
7746,2 656 645
7062,1 910 947
12092,3 880 007
3916,2 076 750
1569,996 100
1208,1 452 832
2696,2 863 887
8772,2 226 897
8532,2 705 721
1264,1 287 921
804,3 557 174
2949,1 582 190
3645,1 558 159
6156,2 356 480
2227,2 070 622
7993,2 416 943
4145,2 192 719
2314,2 779 950
2109,2 412 192
1954,2 316 539
2331,1 517 869
6020,1 505 615
601,2 093 671
6493,1 785 326
2648,2 721 797
183,1 839 519
4706,2 184 415
7850,1 707 402
7404,2 088 142
547,3 339 091
8681,3 109 986
3159,1 769 787
3020,2 460 770
1852,2 994 982
1966,3 171 662
1124,1 086 041
10944,4 129 680
11703,1 422 103
632,908 070
5850,2 188 218
12875,1 724 427
8675,3 170 852
321,2 841 004
10619,1 796 249
4872,3 430 039
9788,1 060 972
10183,2 417 755
807,2 206 104
2710,1 668 185
9667,2 520 253
598,803 436
12577,2 134 631
7973,4 295 671
3345,2 449 770
1665,1 156 716
9572,2 746 990
3292,2 375 182
1589,1 939 744
10867,3 290 697
5980,3 223 599
2356,1 497 723
3159,1 456 710
1637,2 414 814
11333,1 319 318
123,1 847 085
2349,2 492 998
2974,1 489 769
3855,3 387 450
10505,2 540 054
11365,1 353 903
1131,1 454 911
1289,1 764 301
640,806 838
7848,2 717 870
2854,1 898 288
854,3 227 289
2472,3 442 290
8366,3 120 778
3820,2 123 307
2412,3 195 920
3152,1 516 687
727,781 433
10255,3 332 454
4927,1 114 406
9698,1 791 025
1990,1 513 760
10650,1 685 180
8433,3 346 356
454,1 586 677
1292,2 513 479
2381,2 150 142
11259,816 214
551,2 467 784
6500,2 586 281
5041,1 939 320
6421,1 098 079
1452,1 173 810
3298,2 264 663
8826,1 928 782
1974,1 787 255
11312,2 004 110
1594,1 964 508
2416,2 121 527
10195,2 164 997
9455,1 695 978
11736,3 638 958
